wo_material_id,wo_id,supplier_id,material_desc,quantity,unit_cost,total_cost,origin_system
WOM-0000001,WO-900001,SUP-015,Control card,7,3051.9,21363.3,GCP-BigQuery
WOM-0000002,WO-000002,SUP-012,Relay module,6,3890.23,23341.38,GCP-BigQuery
WOM-0000003,WO-000002,SUP-124,Gasket kit,6,1174.7,7048.2,GCP-BigQuery
WOM-0000004,WO-000003,SUP-071,Motor winding kit,6,3543.91,21263.46,GCP-BigQuery
WOM-0000005,WO-000003,SUP-001,Bearing set,8,2386.69,19093.52,GCP-BigQuery
WOM-0000006,WO-000003,SUP-038,Coupling,5,89.16,445.8,GCP-BigQuery
WOM-0000007,WO-000006,SUP-009,Seal assembly,18,2418.86,43539.48,GCP-BigQuery
WOM-0000008,WO-000011,SUP-078,Impeller,4,2184.49,8737.96,GCP-BigQuery
WOM-0000009,WO-000011,SUP-064,Control card,2,1800.82,3601.64,GCP-BigQuery
WOM-0000010,WO-000011,SUP-008,Gasket kit,9,1194.43,10749.87,GCP-BigQuery
WOM-0000011,WO-000012,SUP-014,Gasket kit,17,3096.67,52643.39,GCP-BigQuery
WOM-0000012,WO-000012,SUP-061,Valve actuator,16,47.11,753.76,GCP-BigQuery
WOM-0000013,WO-000012,SUP-116,Control card,6,2819.65,16917.9,GCP-BigQuery
WOM-0000014,WO-000017,SUP-004,Motor winding kit,13,3715.14,48296.82,GCP-BigQuery
WOM-0000015,WO-000017,SUP-135,Motor winding kit,5,3398.67,16993.35,GCP-BigQuery
WOM-0000016,WO-000017,SUP-080,Control card,11,1265.95,13925.45,GCP-BigQuery
WOM-0000017,WO-000022,SUP-129,Motor winding kit,18,1390.47,25028.46,GCP-BigQuery
WOM-0000018,WO-000022,SUP-050,Motor winding kit,6,4005.03,24030.18,GCP-BigQuery
WOM-0000019,WO-000022,SUP-081,Relay module,1,1500.11,1500.11,GCP-BigQuery
WOM-0000020,WO-000025,SUP-003,Pressure transmitter,6,3777.29,22663.74,GCP-BigQuery
WOM-0000021,WO-000028,SUP-053,Seal assembly,12,957.67,11492.04,GCP-BigQuery
WOM-0000022,WO-000028,SUP-093,Coupling,11,542.14,5963.54,GCP-BigQuery
WOM-0000023,WO-000028,SUP-006,Relay module,9,1093.06,9837.54,GCP-BigQuery
WOM-0000024,WO-000029,SUP-014,Pressure transmitter,5,3892.99,19464.95,GCP-BigQuery
WOM-0000025,WO-000029,SUP-040,Impeller,6,4037.39,24224.34,GCP-BigQuery
WOM-0000026,WO-000030,SUP-058,Coupling,4,713.06,2852.24,GCP-BigQuery
WOM-0000027,WO-000033,SUP-135,Motor winding kit,15,1030.65,15459.75,GCP-BigQuery
WOM-0000028,WO-000033,SUP-050,Gasket kit,4,1522.25,6089.0,GCP-BigQuery
WOM-0000029,WO-000033,SUP-142,Bearing set,1,3020.34,3020.34,GCP-BigQuery
WOM-0000030,WO-000037,SUP-022,Pressure transmitter,5,1817.89,9089.45,GCP-BigQuery
WOM-0000031,WO-000037,SUP-019,Bearing set,16,1404.9,22478.4,GCP-BigQuery
WOM-0000032,WO-000037,SUP-100,Coupling,19,860.26,16344.94,GCP-BigQuery
WOM-0000033,WO-000038,SUP-077,Gasket kit,9,1668.32,15014.88,GCP-BigQuery
WOM-0000034,WO-000038,SUP-007,Bearing set,17,3038.57,51655.69,GCP-BigQuery
WOM-0000035,WO-000046,SUP-091,Seal assembly,18,3378.58,60814.44,GCP-BigQuery
WOM-0000036,WO-000046,SUP-058,Gasket kit,2,1485.93,2971.86,GCP-BigQuery
WOM-0000037,WO-000046,SUP-144,Coupling,10,4006.75,40067.5,GCP-BigQuery
WOM-0000038,WO-000049,SUP-069,Control card,18,2948.63,53075.34,GCP-BigQuery
WOM-0000039,WO-000049,SUP-136,Filter element,8,1462.09,11696.72,GCP-BigQuery
WOM-0000040,WO-000049,SUP-060,Impeller,10,2025.76,20257.6,GCP-BigQuery
WOM-0000041,WO-000050,SUP-021,Relay module,7,2781.17,19468.19,GCP-BigQuery
WOM-0000042,WO-000051,SUP-104,Pressure transmitter,4,3983.04,15932.16,GCP-BigQuery
WOM-0000043,WO-000051,SUP-052,Relay module,10,1518.13,15181.3,GCP-BigQuery
WOM-0000044,WO-000051,SUP-029,Valve actuator,9,2838.11,25542.99,GCP-BigQuery
WOM-0000045,WO-000053,SUP-090,Relay module,16,267.36,4277.76,GCP-BigQuery
WOM-0000046,WO-000055,SUP-096,Seal assembly,3,777.27,2331.81,GCP-BigQuery
WOM-0000047,WO-000056,SUP-030,Valve actuator,13,3751.62,48771.06,GCP-BigQuery
WOM-0000048,WO-000056,SUP-080,Impeller,8,1358.1,10864.8,GCP-BigQuery
WOM-0000049,WO-000057,SUP-046,Control card,13,429.9,5588.7,GCP-BigQuery
WOM-0000050,WO-000057,SUP-146,Gasket kit,5,2474.05,12370.25,GCP-BigQuery
WOM-0000051,WO-000057,SUP-016,Control card,1,3473.18,3473.18,GCP-BigQuery
WOM-0000052,WO-000061,SUP-053,Lubricant drum,7,3767.33,26371.31,GCP-BigQuery
WOM-0000053,WO-000062,SUP-135,Gasket kit,5,1753.03,8765.15,GCP-BigQuery
WOM-0000054,WO-000062,SUP-012,Motor winding kit,6,2833.86,17003.16,GCP-BigQuery
WOM-0000055,WO-000062,SUP-046,Motor winding kit,3,1493.17,4479.51,GCP-BigQuery
WOM-0000056,WO-000063,SUP-144,Bearing set,6,1764.41,10586.46,GCP-BigQuery
WOM-0000057,WO-000064,SUP-120,Valve actuator,19,3899.85,74097.15,GCP-BigQuery
WOM-0000058,WO-000064,SUP-080,Control card,14,481.44,6740.16,GCP-BigQuery
WOM-0000059,WO-000064,SUP-013,Relay module,19,2537.3,48208.7,GCP-BigQuery
WOM-0000060,WO-000065,SUP-025,Control card,14,1146.57,16051.98,GCP-BigQuery
WOM-0000061,WO-000065,SUP-061,Seal assembly,11,2400.42,26404.62,GCP-BigQuery
WOM-0000062,WO-000065,SUP-113,Valve actuator,11,392.45,4316.95,GCP-BigQuery
WOM-0000063,WO-000066,SUP-020,Motor winding kit,2,2673.56,5347.12,GCP-BigQuery
WOM-0000064,WO-000066,SUP-008,Pressure transmitter,13,1862.08,24207.04,GCP-BigQuery
WOM-0000065,WO-000068,SUP-018,Impeller,6,4006.29,24037.74,GCP-BigQuery
WOM-0000066,WO-000068,SUP-015,Relay module,3,3974.89,11924.67,GCP-BigQuery
WOM-0000067,WO-000069,SUP-078,Bearing set,12,170.92,2051.04,GCP-BigQuery
WOM-0000068,WO-000069,SUP-086,Lubricant drum,12,3921.06,47052.72,GCP-BigQuery
WOM-0000069,WO-000069,SUP-077,Lubricant drum,9,975.06,8775.54,GCP-BigQuery
WOM-0000070,WO-000075,SUP-084,Impeller,8,1505.64,12045.12,GCP-BigQuery
WOM-0000071,WO-000075,SUP-119,Motor winding kit,15,2956.01,44340.15,GCP-BigQuery
WOM-0000072,WO-000076,SUP-149,Motor winding kit,12,2743.28,32919.36,GCP-BigQuery
WOM-0000073,WO-000076,SUP-087,Control card,8,3643.91,29151.28,GCP-BigQuery
WOM-0000074,WO-000077,SUP-145,Lubricant drum,13,278.56,3621.28,GCP-BigQuery
WOM-0000075,WO-000081,SUP-138,Motor winding kit,9,2383.68,21453.12,GCP-BigQuery
WOM-0000076,WO-000081,SUP-121,Valve actuator,16,3036.39,48582.24,GCP-BigQuery
WOM-0000077,WO-000081,SUP-055,Motor winding kit,14,36.94,517.16,GCP-BigQuery
WOM-0000078,WO-000089,SUP-113,Filter element,13,2147.98,27923.74,GCP-BigQuery
WOM-0000079,WO-000093,SUP-088,Impeller,2,1951.84,3903.68,GCP-BigQuery
WOM-0000080,WO-000097,SUP-105,Gasket kit,9,477.27,4295.43,GCP-BigQuery
WOM-0000081,WO-000100,SUP-016,Valve actuator,11,1222.45,13446.95,GCP-BigQuery
WOM-0000082,WO-000100,SUP-001,Valve actuator,3,3354.99,10064.97,GCP-BigQuery
WOM-0000083,WO-000100,SUP-001,Control card,13,2291.62,29791.06,GCP-BigQuery
WOM-0000084,WO-000101,SUP-006,Coupling,15,172.9,2593.5,GCP-BigQuery
WOM-0000085,WO-000101,SUP-083,Coupling,7,2899.65,20297.55,GCP-BigQuery
WOM-0000086,WO-000105,SUP-150,Bearing set,5,2877.05,14385.25,GCP-BigQuery
WOM-0000087,WO-000105,SUP-084,Impeller,12,1795.61,21547.32,GCP-BigQuery
WOM-0000088,WO-000111,SUP-033,Valve actuator,18,2381.04,42858.72,GCP-BigQuery
WOM-0000089,WO-000118,SUP-077,Impeller,3,157.35,472.05,GCP-BigQuery
WOM-0000090,WO-000125,SUP-032,Control card,4,1297.67,5190.68,GCP-BigQuery
WOM-0000091,WO-000125,SUP-045,Control card,17,1723.63,29301.71,GCP-BigQuery
WOM-0000092,WO-000127,SUP-117,Coupling,11,1904.54,20949.94,GCP-BigQuery
WOM-0000093,WO-000127,SUP-110,Valve actuator,15,1381.83,20727.45,GCP-BigQuery
WOM-0000094,WO-000129,SUP-021,Motor winding kit,7,3706.21,25943.47,GCP-BigQuery
WOM-0000095,WO-000129,SUP-034,Motor winding kit,15,3872.91,58093.65,GCP-BigQuery
WOM-0000096,WO-000130,SUP-021,Bearing set,9,1640.18,14761.62,GCP-BigQuery
WOM-0000097,WO-000136,SUP-072,Relay module,7,41.38,289.66,GCP-BigQuery
WOM-0000098,WO-000136,SUP-022,Control card,3,2116.48,6349.44,GCP-BigQuery
WOM-0000099,WO-000137,SUP-026,Seal assembly,11,2606.03,28666.33,GCP-BigQuery
WOM-0000100,WO-000137,SUP-124,Control card,15,3593.64,53904.6,GCP-BigQuery
WOM-0000101,WO-000137,SUP-006,Valve actuator,18,2563.18,46137.24,GCP-BigQuery
WOM-0000102,WO-000140,SUP-116,Gasket kit,11,4064.44,44708.84,GCP-BigQuery
WOM-0000103,WO-000147,SUP-028,Control card,3,3362.11,10086.33,GCP-BigQuery
WOM-0000104,WO-000147,SUP-046,Seal assembly,14,4107.9,57510.6,GCP-BigQuery
WOM-0000105,WO-000148,SUP-129,Coupling,16,287.56,4600.96,GCP-BigQuery
WOM-0000106,WO-000149,SUP-088,Pressure transmitter,4,714.38,2857.52,GCP-BigQuery
WOM-0000107,WO-000150,SUP-056,Coupling,15,3083.89,46258.35,GCP-BigQuery
WOM-0000108,WO-000150,SUP-062,Bearing set,2,143.24,286.48,GCP-BigQuery
WOM-0000109,WO-000151,SUP-043,Pressure transmitter,12,3977.82,47733.84,GCP-BigQuery
WOM-0000110,WO-000151,SUP-036,Impeller,6,1090.21,6541.26,GCP-BigQuery
WOM-0000111,WO-000151,SUP-013,Motor winding kit,13,695.88,9046.44,GCP-BigQuery
WOM-0000112,WO-000164,SUP-093,Lubricant drum,7,510.75,3575.25,GCP-BigQuery
WOM-0000113,WO-000164,SUP-121,Control card,18,3929.91,70738.38,GCP-BigQuery
WOM-0000114,WO-000169,SUP-011,Impeller,2,2541.56,5083.12,GCP-BigQuery
WOM-0000115,WO-000169,SUP-047,Coupling,11,29.76,327.36,GCP-BigQuery
WOM-0000116,WO-000169,SUP-100,Filter element,19,1753.38,33314.22,GCP-BigQuery
WOM-0000117,WO-000172,SUP-017,Pressure transmitter,6,442.41,2654.46,GCP-BigQuery
WOM-0000118,WO-000172,SUP-073,Bearing set,1,2832.58,2832.58,GCP-BigQuery
WOM-0000119,WO-000172,SUP-020,Relay module,17,98.99,1682.83,GCP-BigQuery
WOM-0000120,WO-000176,SUP-025,Impeller,7,2786.67,19506.69,GCP-BigQuery
WOM-0000121,WO-000176,SUP-149,Control card,4,1764.88,7059.52,GCP-BigQuery
WOM-0000122,WO-000176,SUP-078,Motor winding kit,11,737.05,8107.55,GCP-BigQuery
WOM-0000123,WO-000188,SUP-007,Filter element,19,527.45,10021.55,GCP-BigQuery
WOM-0000124,WO-000188,SUP-084,Coupling,13,2264.95,29444.35,GCP-BigQuery
WOM-0000125,WO-000188,SUP-084,Bearing set,15,2570.11,38551.65,GCP-BigQuery
WOM-0000126,WO-000197,SUP-043,Valve actuator,11,2924.74,32172.14,GCP-BigQuery
WOM-0000127,WO-000197,SUP-054,Seal assembly,7,238.49,1669.43,GCP-BigQuery
WOM-0000128,WO-000198,SUP-081,Pressure transmitter,3,1982.9,5948.7,GCP-BigQuery
WOM-0000129,WO-000198,SUP-077,Bearing set,6,1178.86,7073.16,GCP-BigQuery
WOM-0000130,WO-000198,SUP-107,Control card,6,1160.07,6960.42,GCP-BigQuery
WOM-0000131,WO-000206,SUP-077,Impeller,9,1638.53,14746.77,GCP-BigQuery
WOM-0000132,WO-000207,SUP-129,Gasket kit,10,2000.42,20004.2,GCP-BigQuery
WOM-0000133,WO-000212,SUP-102,Filter element,18,520.32,9365.76,GCP-BigQuery
WOM-0000134,WO-000212,SUP-029,Bearing set,9,3560.32,32042.88,GCP-BigQuery
WOM-0000135,WO-000212,SUP-149,Seal assembly,5,2449.99,12249.95,GCP-BigQuery
WOM-0000136,WO-000213,SUP-089,Coupling,5,2091.17,10455.85,GCP-BigQuery
WOM-0000137,WO-000213,SUP-108,Bearing set,5,2072.62,10363.1,GCP-BigQuery
WOM-0000138,WO-000222,SUP-005,Motor winding kit,10,3301.45,33014.5,GCP-BigQuery
WOM-0000139,WO-000222,SUP-134,Gasket kit,8,3955.03,31640.24,GCP-BigQuery
WOM-0000140,WO-000222,SUP-123,Motor winding kit,4,1654.92,6619.68,GCP-BigQuery
WOM-0000141,WO-000224,SUP-033,Relay module,14,45.39,635.46,GCP-BigQuery
WOM-0000142,WO-000229,SUP-135,Motor winding kit,9,4150.0,37350.0,GCP-BigQuery
WOM-0000143,WO-000236,SUP-144,Coupling,2,853.17,1706.34,GCP-BigQuery
WOM-0000144,WO-000236,SUP-094,Relay module,1,1382.56,1382.56,GCP-BigQuery
WOM-0000145,WO-000237,SUP-117,Control card,9,2032.66,18293.94,GCP-BigQuery
WOM-0000146,WO-000237,SUP-120,Motor winding kit,8,131.73,1053.84,GCP-BigQuery
WOM-0000147,WO-000237,SUP-116,Filter element,3,1356.65,4069.95,GCP-BigQuery
WOM-0000148,WO-000242,SUP-056,Valve actuator,12,2595.05,31140.6,GCP-BigQuery
WOM-0000149,WO-000242,SUP-057,Motor winding kit,9,3690.94,33218.46,GCP-BigQuery
WOM-0000150,WO-000251,SUP-120,Impeller,16,1434.09,22945.44,GCP-BigQuery
WOM-0000151,WO-000251,SUP-091,Pressure transmitter,19,140.14,2662.66,GCP-BigQuery
WOM-0000152,WO-000252,SUP-132,Gasket kit,3,3984.28,11952.84,GCP-BigQuery
WOM-0000153,WO-000252,SUP-117,Coupling,14,2249.74,31496.36,GCP-BigQuery
WOM-0000154,WO-000252,SUP-065,Coupling,1,373.96,373.96,GCP-BigQuery
WOM-0000155,WO-000253,SUP-047,Bearing set,13,823.78,10709.14,GCP-BigQuery
WOM-0000156,WO-000253,SUP-103,Lubricant drum,19,3960.21,75243.99,GCP-BigQuery
WOM-0000157,WO-000253,SUP-040,Valve actuator,18,3387.42,60973.56,GCP-BigQuery
WOM-0000158,WO-000262,SUP-106,Bearing set,3,4146.79,12440.37,GCP-BigQuery
WOM-0000159,WO-000262,SUP-019,Lubricant drum,8,3705.55,29644.4,GCP-BigQuery
WOM-0000160,WO-000266,SUP-078,Bearing set,2,2025.02,4050.04,GCP-BigQuery
WOM-0000161,WO-000270,SUP-074,Impeller,18,994.44,17899.92,GCP-BigQuery
WOM-0000162,WO-000271,SUP-112,Coupling,13,4056.74,52737.62,GCP-BigQuery
WOM-0000163,WO-000271,SUP-135,Impeller,7,4162.55,29137.85,GCP-BigQuery
WOM-0000164,WO-000271,SUP-037,Bearing set,13,3290.95,42782.35,GCP-BigQuery
WOM-0000165,WO-000274,SUP-079,Motor winding kit,6,3465.97,20795.82,GCP-BigQuery
WOM-0000166,WO-000274,SUP-093,Filter element,7,3914.26,27399.82,GCP-BigQuery
WOM-0000167,WO-000274,SUP-133,Gasket kit,2,4007.29,8014.58,GCP-BigQuery
WOM-0000168,WO-000276,SUP-092,Motor winding kit,12,1450.66,17407.92,GCP-BigQuery
WOM-0000169,WO-000276,SUP-117,Gasket kit,3,3484.01,10452.03,GCP-BigQuery
WOM-0000170,WO-000276,SUP-012,Bearing set,4,785.17,3140.68,GCP-BigQuery
WOM-0000171,WO-000279,SUP-114,Relay module,3,1355.14,4065.42,GCP-BigQuery
WOM-0000172,WO-000286,SUP-031,Lubricant drum,11,720.81,7928.91,GCP-BigQuery
WOM-0000173,WO-000286,SUP-065,Motor winding kit,9,3961.78,35656.02,GCP-BigQuery
WOM-0000174,WO-000286,SUP-084,Coupling,13,1142.46,14851.98,GCP-BigQuery
WOM-0000175,WO-000288,SUP-131,Gasket kit,16,930.55,14888.8,GCP-BigQuery
WOM-0000176,WO-000292,SUP-043,Coupling,15,389.18,5837.7,GCP-BigQuery
WOM-0000177,WO-000292,SUP-094,Bearing set,13,3627.09,47152.17,GCP-BigQuery
WOM-0000178,WO-000295,SUP-058,Seal assembly,9,719.74,6477.66,GCP-BigQuery
WOM-0000179,WO-000295,SUP-072,Bearing set,13,2099.85,27298.05,GCP-BigQuery
WOM-0000180,WO-000295,SUP-144,Coupling,17,1337.7,22740.9,GCP-BigQuery
WOM-0000181,WO-000302,SUP-110,Motor winding kit,17,662.38,11260.46,GCP-BigQuery
WOM-0000182,WO-000306,SUP-038,Motor winding kit,1,2953.76,2953.76,GCP-BigQuery
WOM-0000183,WO-000306,SUP-105,Bearing set,5,898.11,4490.55,GCP-BigQuery
WOM-0000184,WO-000308,SUP-030,Valve actuator,5,3216.19,16080.95,GCP-BigQuery
WOM-0000185,WO-000308,SUP-027,Coupling,2,2396.93,4793.86,GCP-BigQuery
WOM-0000186,WO-000309,SUP-134,Gasket kit,3,3027.89,9083.67,GCP-BigQuery
WOM-0000187,WO-000312,SUP-019,Lubricant drum,8,3168.56,25348.48,GCP-BigQuery
WOM-0000188,WO-000312,SUP-095,Impeller,11,2625.02,28875.22,GCP-BigQuery
WOM-0000189,WO-000313,SUP-123,Seal assembly,16,2358.64,37738.24,GCP-BigQuery
WOM-0000190,WO-000314,SUP-032,Motor winding kit,12,1267.55,15210.6,GCP-BigQuery
WOM-0000191,WO-000318,SUP-055,Filter element,11,2640.83,29049.13,GCP-BigQuery
WOM-0000192,WO-000318,SUP-132,Pressure transmitter,1,342.03,342.03,GCP-BigQuery
WOM-0000193,WO-000323,SUP-032,Control card,19,2982.19,56661.61,GCP-BigQuery
WOM-0000194,WO-000323,SUP-130,Gasket kit,2,1119.57,2239.14,GCP-BigQuery
WOM-0000195,WO-000323,SUP-109,Impeller,18,2442.05,43956.9,GCP-BigQuery
WOM-0000196,WO-000325,SUP-032,Lubricant drum,19,4065.14,77237.66,GCP-BigQuery
WOM-0000197,WO-000327,SUP-073,Coupling,12,2438.5,29262.0,GCP-BigQuery
WOM-0000198,WO-000331,SUP-113,Motor winding kit,6,1893.17,11359.02,GCP-BigQuery
WOM-0000199,WO-000331,SUP-114,Seal assembly,13,1551.62,20171.06,GCP-BigQuery
WOM-0000200,WO-000331,SUP-013,Relay module,18,449.81,8096.58,GCP-BigQuery
WOM-0000201,WO-000334,SUP-080,Motor winding kit,19,3006.92,57131.48,GCP-BigQuery
WOM-0000202,WO-000334,SUP-091,Motor winding kit,7,1861.95,13033.65,GCP-BigQuery
WOM-0000203,WO-000334,SUP-035,Motor winding kit,4,2222.49,8889.96,GCP-BigQuery
WOM-0000204,WO-000335,SUP-104,Lubricant drum,17,2977.83,50623.11,GCP-BigQuery
WOM-0000205,WO-000336,SUP-111,Seal assembly,18,3982.76,71689.68,GCP-BigQuery
WOM-0000206,WO-000336,SUP-086,Impeller,13,4046.11,52599.43,GCP-BigQuery
WOM-0000207,WO-000336,SUP-121,Pressure transmitter,6,4197.02,25182.12,GCP-BigQuery
WOM-0000208,WO-000342,SUP-138,Relay module,3,3494.24,10482.72,GCP-BigQuery
WOM-0000209,WO-000342,SUP-017,Control card,3,1288.87,3866.61,GCP-BigQuery
WOM-0000210,WO-000352,SUP-004,Bearing set,6,2190.94,13145.64,GCP-BigQuery
WOM-0000211,WO-000356,SUP-032,Pressure transmitter,4,1155.68,4622.72,GCP-BigQuery
WOM-0000212,WO-000356,SUP-096,Seal assembly,16,1964.81,31436.96,GCP-BigQuery
WOM-0000213,WO-000356,SUP-091,Pressure transmitter,7,3785.36,26497.52,GCP-BigQuery
WOM-0000214,WO-000358,SUP-090,Filter element,19,2989.54,56801.26,GCP-BigQuery
WOM-0000215,WO-000358,SUP-145,Filter element,18,3764.65,67763.7,GCP-BigQuery
WOM-0000216,WO-000365,SUP-077,Motor winding kit,14,824.71,11545.94,GCP-BigQuery
WOM-0000217,WO-000365,SUP-106,Lubricant drum,12,1569.4,18832.8,GCP-BigQuery
WOM-0000218,WO-000365,SUP-143,Seal assembly,1,712.97,712.97,GCP-BigQuery
WOM-0000219,WO-000366,SUP-005,Relay module,10,193.93,1939.3,GCP-BigQuery
WOM-0000220,WO-000366,SUP-027,Control card,9,1922.37,17301.33,GCP-BigQuery
WOM-0000221,WO-000366,SUP-101,Gasket kit,3,2051.31,6153.93,GCP-BigQuery
WOM-0000222,WO-000367,SUP-016,Relay module,6,287.67,1726.02,GCP-BigQuery
WOM-0000223,WO-000372,SUP-130,Impeller,1,3183.05,3183.05,GCP-BigQuery
WOM-0000224,WO-000375,SUP-001,Bearing set,14,2726.8,38175.2,GCP-BigQuery
WOM-0000225,WO-000375,SUP-140,Impeller,6,1069.17,6415.02,GCP-BigQuery
WOM-0000226,WO-000376,SUP-089,Control card,1,3988.7,3988.7,GCP-BigQuery
WOM-0000227,WO-000376,SUP-060,Valve actuator,1,362.9,362.9,GCP-BigQuery
WOM-0000228,WO-000376,SUP-135,Motor winding kit,8,4084.02,32672.16,GCP-BigQuery
WOM-0000229,WO-000381,SUP-072,Coupling,6,1553.23,9319.38,GCP-BigQuery
WOM-0000230,WO-000382,SUP-088,Relay module,3,2931.75,8795.25,GCP-BigQuery
WOM-0000231,WO-000382,SUP-136,Seal assembly,15,3537.92,53068.8,GCP-BigQuery
WOM-0000232,WO-000382,SUP-061,Impeller,11,3318.37,36502.07,GCP-BigQuery
WOM-0000233,WO-000389,SUP-011,Impeller,8,877.22,7017.76,GCP-BigQuery
WOM-0000234,WO-000389,SUP-140,Valve actuator,17,3374.13,57360.21,GCP-BigQuery
WOM-0000235,WO-000389,SUP-070,Bearing set,6,4000.03,24000.18,GCP-BigQuery
WOM-0000236,WO-000397,SUP-131,Relay module,12,3335.8,40029.6,GCP-BigQuery
WOM-0000237,WO-000399,SUP-068,Bearing set,8,1923.9,15391.2,GCP-BigQuery
WOM-0000238,WO-000399,SUP-130,Motor winding kit,12,1435.93,17231.16,GCP-BigQuery
WOM-0000239,WO-000399,SUP-140,Motor winding kit,4,1733.4,6933.6,GCP-BigQuery
WOM-0000240,WO-000407,SUP-136,Valve actuator,4,3965.29,15861.16,GCP-BigQuery
WOM-0000241,WO-000410,SUP-129,Motor winding kit,4,4180.16,16720.64,GCP-BigQuery
WOM-0000242,WO-000410,SUP-033,Bearing set,18,406.01,7308.18,GCP-BigQuery
WOM-0000243,WO-000410,SUP-096,Gasket kit,4,1059.33,4237.32,GCP-BigQuery
WOM-0000244,WO-000411,SUP-091,Filter element,3,1602.03,4806.09,GCP-BigQuery
WOM-0000245,WO-000411,SUP-069,Coupling,12,3486.95,41843.4,GCP-BigQuery
WOM-0000246,WO-000417,SUP-037,Relay module,1,2629.5,2629.5,GCP-BigQuery
WOM-0000247,WO-000418,SUP-012,Motor winding kit,10,2555.67,25556.7,GCP-BigQuery
WOM-0000248,WO-000419,SUP-141,Pressure transmitter,18,3331.33,59963.94,GCP-BigQuery
WOM-0000249,WO-000419,SUP-039,Bearing set,2,1725.49,3450.98,GCP-BigQuery
WOM-0000250,WO-000419,SUP-138,Gasket kit,5,3126.2,15631.0,GCP-BigQuery
WOM-0000251,WO-000421,SUP-043,Valve actuator,1,3922.53,3922.53,GCP-BigQuery
WOM-0000252,WO-000421,SUP-072,Filter element,18,3112.37,56022.66,GCP-BigQuery
WOM-0000253,WO-000421,SUP-008,Lubricant drum,17,143.2,2434.4,GCP-BigQuery
WOM-0000254,WO-000426,SUP-120,Filter element,13,3984.84,51802.92,GCP-BigQuery
WOM-0000255,WO-000428,SUP-009,Gasket kit,12,4154.27,49851.24,GCP-BigQuery
WOM-0000256,WO-000429,SUP-087,Gasket kit,14,2372.08,33209.12,GCP-BigQuery
WOM-0000257,WO-000429,SUP-090,Control card,5,799.01,3995.05,GCP-BigQuery
WOM-0000258,WO-000429,SUP-038,Coupling,9,2352.68,21174.12,GCP-BigQuery
WOM-0000259,WO-000433,SUP-080,Lubricant drum,6,3996.65,23979.9,GCP-BigQuery
WOM-0000260,WO-000435,SUP-001,Impeller,9,3101.66,27914.94,GCP-BigQuery
WOM-0000261,WO-000436,SUP-001,Pressure transmitter,9,2976.49,26788.41,GCP-BigQuery
WOM-0000262,WO-000436,SUP-117,Filter element,13,2803.07,36439.91,GCP-BigQuery
WOM-0000263,WO-000438,SUP-048,Valve actuator,11,1022.39,11246.29,GCP-BigQuery
WOM-0000264,WO-000438,SUP-078,Valve actuator,13,3463.63,45027.19,GCP-BigQuery
WOM-0000265,WO-000443,SUP-148,Valve actuator,4,3759.39,15037.56,GCP-BigQuery
WOM-0000266,WO-000443,SUP-142,Gasket kit,5,3825.47,19127.35,GCP-BigQuery
WOM-0000267,WO-000448,SUP-091,Gasket kit,9,4132.87,37195.83,GCP-BigQuery
WOM-0000268,WO-000448,SUP-126,Gasket kit,7,2090.51,14633.57,GCP-BigQuery
WOM-0000269,WO-000451,SUP-133,Gasket kit,13,3653.52,47495.76,GCP-BigQuery
WOM-0000270,WO-000454,SUP-051,Impeller,15,2258.06,33870.9,GCP-BigQuery
WOM-0000271,WO-000457,SUP-123,Pressure transmitter,1,748.07,748.07,GCP-BigQuery
WOM-0000272,WO-000459,SUP-011,Valve actuator,7,765.54,5358.78,GCP-BigQuery
WOM-0000273,WO-000459,SUP-052,Gasket kit,3,2612.32,7836.96,GCP-BigQuery
WOM-0000274,WO-000459,SUP-124,Control card,10,3392.8,33928.0,GCP-BigQuery
WOM-0000275,WO-000463,SUP-143,Lubricant drum,11,1191.75,13109.25,GCP-BigQuery
WOM-0000276,WO-000464,SUP-123,Coupling,19,3539.99,67259.81,GCP-BigQuery
WOM-0000277,WO-000464,SUP-008,Bearing set,19,4168.83,79207.77,GCP-BigQuery
WOM-0000278,WO-000465,SUP-027,Gasket kit,6,549.29,3295.74,GCP-BigQuery
WOM-0000279,WO-000469,SUP-072,Pressure transmitter,1,4134.16,4134.16,GCP-BigQuery
WOM-0000280,WO-000472,SUP-110,Motor winding kit,9,3058.45,27526.05,GCP-BigQuery
WOM-0000281,WO-000472,SUP-070,Control card,16,2164.23,34627.68,GCP-BigQuery
WOM-0000282,WO-000472,SUP-079,Lubricant drum,1,2115.14,2115.14,GCP-BigQuery
WOM-0000283,WO-000474,SUP-084,Filter element,6,2734.35,16406.1,GCP-BigQuery
WOM-0000284,WO-000474,SUP-064,Pressure transmitter,15,689.61,10344.15,GCP-BigQuery
WOM-0000285,WO-000475,SUP-061,Filter element,19,819.1,15562.9,GCP-BigQuery
WOM-0000286,WO-000475,SUP-012,Lubricant drum,14,1845.84,25841.76,GCP-BigQuery
WOM-0000287,WO-000475,SUP-132,Gasket kit,13,3195.83,41545.79,GCP-BigQuery
WOM-0000288,WO-000476,SUP-144,Relay module,18,4018.23,72328.14,GCP-BigQuery
WOM-0000289,WO-000476,SUP-088,Relay module,14,3198.62,44780.68,GCP-BigQuery
WOM-0000290,WO-000479,SUP-094,Coupling,19,2960.12,56242.28,GCP-BigQuery
WOM-0000291,WO-000479,SUP-062,Motor winding kit,2,1429.43,2858.86,GCP-BigQuery
WOM-0000292,WO-000481,SUP-031,Seal assembly,5,2571.38,12856.9,GCP-BigQuery
WOM-0000293,WO-000481,SUP-016,Coupling,3,2099.45,6298.35,GCP-BigQuery
WOM-0000294,WO-000481,SUP-096,Gasket kit,9,631.47,5683.23,GCP-BigQuery
WOM-0000295,WO-000483,SUP-092,Pressure transmitter,16,3914.78,62636.48,GCP-BigQuery
WOM-0000296,WO-000485,SUP-017,Gasket kit,17,3748.85,63730.45,GCP-BigQuery
WOM-0000297,WO-000485,SUP-036,Valve actuator,10,444.63,4446.3,GCP-BigQuery
WOM-0000298,WO-000485,SUP-102,Gasket kit,12,1360.58,16326.96,GCP-BigQuery
WOM-0000299,WO-000486,SUP-007,Lubricant drum,8,1831.91,14655.28,GCP-BigQuery
WOM-0000300,WO-000491,SUP-004,Coupling,2,2082.87,4165.74,GCP-BigQuery
WOM-0000301,WO-000491,SUP-099,Motor winding kit,6,3752.34,22514.04,GCP-BigQuery
WOM-0000302,WO-000491,SUP-061,Seal assembly,11,3206.47,35271.17,GCP-BigQuery
WOM-0000303,WO-000494,SUP-139,Impeller,19,860.66,16352.54,GCP-BigQuery
WOM-0000304,WO-000494,SUP-040,Filter element,6,3722.35,22334.1,GCP-BigQuery
WOM-0000305,WO-000495,SUP-101,Valve actuator,1,1774.13,1774.13,GCP-BigQuery
WOM-0000306,WO-000495,SUP-061,Lubricant drum,9,1183.39,10650.51,GCP-BigQuery
WOM-0000307,WO-000496,SUP-134,Lubricant drum,16,2737.4,43798.4,GCP-BigQuery
WOM-0000308,WO-000496,SUP-081,Gasket kit,13,3435.45,44660.85,GCP-BigQuery
WOM-0000309,WO-000503,SUP-046,Impeller,1,1484.74,1484.74,GCP-BigQuery
WOM-0000310,WO-000503,SUP-050,Bearing set,5,3614.55,18072.75,GCP-BigQuery
WOM-0000311,WO-000508,SUP-053,Coupling,11,866.61,9532.71,GCP-BigQuery
WOM-0000312,WO-000509,SUP-074,Bearing set,12,3550.09,42601.08,GCP-BigQuery
WOM-0000313,WO-000509,SUP-136,Impeller,18,2036.9,36664.2,GCP-BigQuery
WOM-0000314,WO-000511,SUP-048,Valve actuator,6,1764.77,10588.62,GCP-BigQuery
WOM-0000315,WO-000512,SUP-143,Control card,11,3766.85,41435.35,GCP-BigQuery
WOM-0000316,WO-000514,SUP-089,Control card,10,1275.05,12750.5,GCP-BigQuery
WOM-0000317,WO-000516,SUP-030,Gasket kit,15,2015.36,30230.4,GCP-BigQuery
WOM-0000318,WO-000516,SUP-114,Lubricant drum,3,2794.61,8383.83,GCP-BigQuery
WOM-0000319,WO-000518,SUP-099,Control card,13,2026.2,26340.6,GCP-BigQuery
WOM-0000320,WO-000518,SUP-107,Gasket kit,13,1845.79,23995.27,GCP-BigQuery
WOM-0000321,WO-000518,SUP-149,Relay module,8,3032.52,24260.16,GCP-BigQuery
WOM-0000322,WO-000520,SUP-107,Pressure transmitter,16,554.29,8868.64,GCP-BigQuery
WOM-0000323,WO-000520,SUP-033,Gasket kit,7,545.62,3819.34,GCP-BigQuery
WOM-0000324,WO-000524,SUP-064,Pressure transmitter,15,974.01,14610.15,GCP-BigQuery
WOM-0000325,WO-000526,SUP-053,Impeller,14,1946.78,27254.92,GCP-BigQuery
WOM-0000326,WO-000529,SUP-112,Relay module,8,1254.81,10038.48,GCP-BigQuery
WOM-0000327,WO-000529,SUP-034,Coupling,4,3480.71,13922.84,GCP-BigQuery
WOM-0000328,WO-000530,SUP-068,Bearing set,19,461.74,8773.06,GCP-BigQuery
WOM-0000329,WO-000531,SUP-115,Valve actuator,6,3068.32,18409.92,GCP-BigQuery
WOM-0000330,WO-000534,SUP-015,Seal assembly,16,3014.08,48225.28,GCP-BigQuery
WOM-0000331,WO-000538,SUP-039,Relay module,7,3768.26,26377.82,GCP-BigQuery
WOM-0000332,WO-000538,SUP-093,Control card,3,272.76,818.28,GCP-BigQuery
WOM-0000333,WO-000538,SUP-115,Pressure transmitter,15,2923.28,43849.2,GCP-BigQuery
WOM-0000334,WO-000541,SUP-042,Impeller,19,1604.02,30476.38,GCP-BigQuery
WOM-0000335,WO-000541,SUP-029,Impeller,15,919.7,13795.5,GCP-BigQuery
WOM-0000336,WO-000541,SUP-077,Lubricant drum,16,3294.63,52714.08,GCP-BigQuery
WOM-0000337,WO-000542,SUP-112,Motor winding kit,1,1547.6,1547.6,GCP-BigQuery
WOM-0000338,WO-000542,SUP-044,Valve actuator,16,3464.8,55436.8,GCP-BigQuery
WOM-0000339,WO-000542,SUP-033,Lubricant drum,17,4075.68,69286.56,GCP-BigQuery
WOM-0000340,WO-000544,SUP-148,Filter element,10,2124.17,21241.7,GCP-BigQuery
WOM-0000341,WO-000544,SUP-115,Bearing set,8,1947.6,15580.8,GCP-BigQuery
WOM-0000342,WO-000544,SUP-083,Filter element,10,2806.52,28065.2,GCP-BigQuery
WOM-0000343,WO-000547,SUP-109,Gasket kit,4,3338.24,13352.96,GCP-BigQuery
WOM-0000344,WO-000561,SUP-127,Impeller,7,743.53,5204.71,GCP-BigQuery
WOM-0000345,WO-000561,SUP-080,Filter element,3,3069.42,9208.26,GCP-BigQuery
WOM-0000346,WO-000561,SUP-120,Relay module,18,1204.71,21684.78,GCP-BigQuery
WOM-0000347,WO-000564,SUP-018,Coupling,12,1188.78,14265.36,GCP-BigQuery
WOM-0000348,WO-000565,SUP-115,Control card,15,529.1,7936.5,GCP-BigQuery
WOM-0000349,WO-000566,SUP-081,Gasket kit,5,2046.73,10233.65,GCP-BigQuery
WOM-0000350,WO-000566,SUP-070,Gasket kit,13,3581.31,46557.03,GCP-BigQuery
WOM-0000351,WO-000573,SUP-141,Seal assembly,10,2160.37,21603.7,GCP-BigQuery
WOM-0000352,WO-000573,SUP-014,Bearing set,16,337.75,5404.0,GCP-BigQuery
WOM-0000353,WO-000573,SUP-104,Gasket kit,1,2419.75,2419.75,GCP-BigQuery
WOM-0000354,WO-000579,SUP-097,Relay module,4,1735.13,6940.52,GCP-BigQuery
WOM-0000355,WO-000580,SUP-076,Filter element,3,4135.99,12407.97,GCP-BigQuery
WOM-0000356,WO-000580,SUP-052,Lubricant drum,17,3755.87,63849.79,GCP-BigQuery
WOM-0000357,WO-000581,SUP-047,Relay module,10,2040.0,20400.0,GCP-BigQuery
WOM-0000358,WO-000581,SUP-085,Seal assembly,5,2021.64,10108.2,GCP-BigQuery
WOM-0000359,WO-000581,SUP-094,Filter element,6,3197.54,19185.24,GCP-BigQuery
WOM-0000360,WO-000583,SUP-032,Pressure transmitter,14,2244.81,31427.34,GCP-BigQuery
WOM-0000361,WO-000583,SUP-028,Pressure transmitter,5,84.97,424.85,GCP-BigQuery
WOM-0000362,WO-000583,SUP-054,Impeller,1,300.97,300.97,GCP-BigQuery
WOM-0000363,WO-000586,SUP-024,Relay module,2,2172.18,4344.36,GCP-BigQuery
WOM-0000364,WO-000586,SUP-094,Coupling,18,251.47,4526.46,GCP-BigQuery
WOM-0000365,WO-000590,SUP-044,Bearing set,18,1370.48,24668.64,GCP-BigQuery
WOM-0000366,WO-000592,SUP-050,Pressure transmitter,9,191.92,1727.28,GCP-BigQuery
WOM-0000367,WO-000601,SUP-119,Bearing set,16,4121.54,65944.64,GCP-BigQuery
WOM-0000368,WO-000620,SUP-059,Control card,17,2980.62,50670.54,GCP-BigQuery
WOM-0000369,WO-000620,SUP-034,Lubricant drum,17,2164.87,36802.79,GCP-BigQuery
WOM-0000370,WO-000620,SUP-149,Seal assembly,8,1400.53,11204.24,GCP-BigQuery
WOM-0000371,WO-000629,SUP-105,Gasket kit,5,559.98,2799.9,GCP-BigQuery
WOM-0000372,WO-000629,SUP-094,Seal assembly,17,479.31,8148.27,GCP-BigQuery
WOM-0000373,WO-000629,SUP-042,Bearing set,19,1190.39,22617.41,GCP-BigQuery
WOM-0000374,WO-000642,SUP-092,Coupling,7,520.24,3641.68,GCP-BigQuery
WOM-0000375,WO-000643,SUP-111,Relay module,16,2657.83,42525.28,GCP-BigQuery
WOM-0000376,WO-000646,SUP-032,Filter element,15,2933.05,43995.75,GCP-BigQuery
WOM-0000377,WO-000650,SUP-088,Motor winding kit,13,52.99,688.87,GCP-BigQuery
WOM-0000378,WO-000650,SUP-040,Seal assembly,13,2287.11,29732.43,GCP-BigQuery
WOM-0000379,WO-000652,SUP-003,Control card,14,685.46,9596.44,GCP-BigQuery
WOM-0000380,WO-000653,SUP-084,Gasket kit,16,1696.14,27138.24,GCP-BigQuery
WOM-0000381,WO-000656,SUP-063,Impeller,5,1824.3,9121.5,GCP-BigQuery
WOM-0000382,WO-000656,SUP-017,Motor winding kit,7,2094.09,14658.63,GCP-BigQuery
WOM-0000383,WO-000656,SUP-097,Coupling,2,1515.89,3031.78,GCP-BigQuery
WOM-0000384,WO-000659,SUP-126,Pressure transmitter,16,4051.25,64820.0,GCP-BigQuery
WOM-0000385,WO-000659,SUP-044,Pressure transmitter,6,3301.07,19806.42,GCP-BigQuery
WOM-0000386,WO-000659,SUP-074,Motor winding kit,14,391.35,5478.9,GCP-BigQuery
WOM-0000387,WO-000660,SUP-032,Control card,10,2641.26,26412.6,GCP-BigQuery
WOM-0000388,WO-000660,SUP-112,Impeller,9,390.61,3515.49,GCP-BigQuery
WOM-0000389,WO-000660,SUP-037,Gasket kit,6,2158.28,12949.68,GCP-BigQuery
WOM-0000390,WO-000665,SUP-111,Seal assembly,9,2731.61,24584.49,GCP-BigQuery
WOM-0000391,WO-000665,SUP-036,Impeller,10,2230.78,22307.8,GCP-BigQuery
WOM-0000392,WO-000665,SUP-137,Control card,2,492.53,985.06,GCP-BigQuery
WOM-0000393,WO-000668,SUP-138,Pressure transmitter,5,3434.15,17170.75,GCP-BigQuery
WOM-0000394,WO-000668,SUP-146,Lubricant drum,8,3724.93,29799.44,GCP-BigQuery
WOM-0000395,WO-000670,SUP-098,Coupling,12,1510.89,18130.68,GCP-BigQuery
WOM-0000396,WO-000671,SUP-010,Control card,16,4009.25,64148.0,GCP-BigQuery
WOM-0000397,WO-000671,SUP-077,Motor winding kit,9,3049.51,27445.59,GCP-BigQuery
WOM-0000398,WO-000671,SUP-113,Valve actuator,4,3347.91,13391.64,GCP-BigQuery
WOM-0000399,WO-000676,SUP-089,Seal assembly,17,1806.48,30710.16,GCP-BigQuery
WOM-0000400,WO-000676,SUP-030,Bearing set,12,3304.49,39653.88,GCP-BigQuery
WOM-0000401,WO-000676,SUP-068,Bearing set,18,1604.19,28875.42,GCP-BigQuery
WOM-0000402,WO-000679,SUP-135,Filter element,13,1572.89,20447.57,GCP-BigQuery
WOM-0000403,WO-000679,SUP-051,Filter element,7,1968.62,13780.34,GCP-BigQuery
WOM-0000404,WO-000679,SUP-057,Gasket kit,13,2284.26,29695.38,GCP-BigQuery
WOM-0000405,WO-000680,SUP-145,Gasket kit,9,2303.45,20731.05,GCP-BigQuery
WOM-0000406,WO-000680,SUP-024,Impeller,10,2238.77,22387.7,GCP-BigQuery
WOM-0000407,WO-000680,SUP-022,Lubricant drum,6,2651.21,15907.26,GCP-BigQuery
WOM-0000408,WO-000681,SUP-043,Gasket kit,13,1669.56,21704.28,GCP-BigQuery
WOM-0000409,WO-000686,SUP-072,Relay module,18,832.45,14984.1,GCP-BigQuery
WOM-0000410,WO-000686,SUP-123,Coupling,13,458.85,5965.05,GCP-BigQuery
WOM-0000411,WO-000690,SUP-075,Coupling,2,1654.35,3308.7,GCP-BigQuery
WOM-0000412,WO-000690,SUP-050,Impeller,18,2950.93,53116.74,GCP-BigQuery
WOM-0000413,WO-000711,SUP-112,Bearing set,17,2585.99,43961.83,GCP-BigQuery
WOM-0000414,WO-000711,SUP-088,Seal assembly,18,454.34,8178.12,GCP-BigQuery
WOM-0000415,WO-000712,SUP-084,Valve actuator,8,850.9,6807.2,GCP-BigQuery
WOM-0000416,WO-000712,SUP-116,Motor winding kit,10,1455.07,14550.7,GCP-BigQuery
WOM-0000417,WO-000712,SUP-091,Valve actuator,9,2109.61,18986.49,GCP-BigQuery
WOM-0000418,WO-000716,SUP-070,Motor winding kit,18,3579.04,64422.72,GCP-BigQuery
WOM-0000419,WO-000720,SUP-006,Gasket kit,11,3888.28,42771.08,GCP-BigQuery
WOM-0000420,WO-000720,SUP-115,Motor winding kit,19,555.31,10550.89,GCP-BigQuery
WOM-0000421,WO-000720,SUP-064,Motor winding kit,18,645.07,11611.26,GCP-BigQuery
WOM-0000422,WO-000723,SUP-074,Seal assembly,7,3764.86,26354.02,GCP-BigQuery
WOM-0000423,WO-000723,SUP-092,Valve actuator,13,1839.46,23912.98,GCP-BigQuery
WOM-0000424,WO-000723,SUP-006,Gasket kit,15,2578.08,38671.2,GCP-BigQuery
WOM-0000425,WO-000726,SUP-024,Filter element,1,2187.61,2187.61,GCP-BigQuery
WOM-0000426,WO-000726,SUP-002,Bearing set,11,1458.5,16043.5,GCP-BigQuery
WOM-0000427,WO-000726,SUP-112,Lubricant drum,14,1039.21,14548.94,GCP-BigQuery
WOM-0000428,WO-000732,SUP-065,Pressure transmitter,1,2489.46,2489.46,GCP-BigQuery
WOM-0000429,WO-000732,SUP-086,Valve actuator,14,2414.12,33797.68,GCP-BigQuery
WOM-0000430,WO-000735,SUP-144,Filter element,9,2074.78,18673.02,GCP-BigQuery
WOM-0000431,WO-000736,SUP-134,Gasket kit,4,3051.2,12204.8,GCP-BigQuery
WOM-0000432,WO-000736,SUP-137,Coupling,18,2633.73,47407.14,GCP-BigQuery
WOM-0000433,WO-000736,SUP-031,Lubricant drum,1,2776.32,2776.32,GCP-BigQuery
WOM-0000434,WO-000742,SUP-005,Relay module,18,2737.95,49283.1,GCP-BigQuery
WOM-0000435,WO-000742,SUP-025,Filter element,10,3799.95,37999.5,GCP-BigQuery
WOM-0000436,WO-000743,SUP-150,Lubricant drum,15,2892.74,43391.1,GCP-BigQuery
WOM-0000437,WO-000743,SUP-051,Valve actuator,18,48.32,869.76,GCP-BigQuery
WOM-0000438,WO-000745,SUP-067,Control card,15,2744.8,41172.0,GCP-BigQuery
WOM-0000439,WO-000751,SUP-090,Relay module,3,3465.36,10396.08,GCP-BigQuery
WOM-0000440,WO-000751,SUP-073,Gasket kit,10,2143.57,21435.7,GCP-BigQuery
WOM-0000441,WO-000754,SUP-131,Gasket kit,8,1297.85,10382.8,GCP-BigQuery
WOM-0000442,WO-000754,SUP-071,Coupling,8,1277.15,10217.2,GCP-BigQuery
WOM-0000443,WO-000759,SUP-117,Gasket kit,5,459.65,2298.25,GCP-BigQuery
WOM-0000444,WO-000759,SUP-062,Coupling,8,3264.28,26114.24,GCP-BigQuery
WOM-0000445,WO-000759,SUP-009,Coupling,11,247.43,2721.73,GCP-BigQuery
WOM-0000446,WO-000762,SUP-077,Bearing set,5,3214.44,16072.2,GCP-BigQuery
WOM-0000447,WO-000769,SUP-146,Filter element,3,3668.74,11006.22,GCP-BigQuery
WOM-0000448,WO-000769,SUP-059,Filter element,6,2418.5,14511.0,GCP-BigQuery
WOM-0000449,WO-000771,SUP-142,Seal assembly,13,2846.13,36999.69,GCP-BigQuery
WOM-0000450,WO-000774,SUP-009,Seal assembly,11,2822.44,31046.84,GCP-BigQuery
WOM-0000451,WO-000774,SUP-003,Coupling,2,1307.68,2615.36,GCP-BigQuery
WOM-0000452,WO-000780,SUP-046,Control card,1,2604.96,2604.96,GCP-BigQuery
WOM-0000453,WO-000780,SUP-080,Coupling,10,1115.28,11152.8,GCP-BigQuery
WOM-0000454,WO-000780,SUP-149,Gasket kit,14,3764.55,52703.7,GCP-BigQuery
WOM-0000455,WO-000785,SUP-101,Seal assembly,7,1517.0,10619.0,GCP-BigQuery
WOM-0000456,WO-000785,SUP-012,Lubricant drum,11,3233.43,35567.73,GCP-BigQuery
WOM-0000457,WO-000785,SUP-021,Impeller,16,4186.78,66988.48,GCP-BigQuery
WOM-0000458,WO-000786,SUP-015,Valve actuator,3,69.67,209.01,GCP-BigQuery
WOM-0000459,WO-000790,SUP-149,Relay module,4,1857.63,7430.52,GCP-BigQuery
WOM-0000460,WO-000795,SUP-083,Lubricant drum,14,1956.05,27384.7,GCP-BigQuery
WOM-0000461,WO-000795,SUP-067,Relay module,9,3233.07,29097.63,GCP-BigQuery
WOM-0000462,WO-000796,SUP-041,Valve actuator,2,605.86,1211.72,GCP-BigQuery
WOM-0000463,WO-000796,SUP-018,Gasket kit,1,497.85,497.85,GCP-BigQuery
WOM-0000464,WO-000796,SUP-104,Lubricant drum,11,3439.8,37837.8,GCP-BigQuery
WOM-0000465,WO-000809,SUP-022,Pressure transmitter,18,665.02,11970.36,GCP-BigQuery
WOM-0000466,WO-000809,SUP-041,Lubricant drum,18,452.3,8141.4,GCP-BigQuery
WOM-0000467,WO-000809,SUP-080,Valve actuator,3,2586.16,7758.48,GCP-BigQuery
WOM-0000468,WO-000811,SUP-128,Filter element,16,378.33,6053.28,GCP-BigQuery
WOM-0000469,WO-000811,SUP-082,Seal assembly,17,2488.26,42300.42,GCP-BigQuery
