timesheet_id,emp_id,week_ending,project_id,status,total_hours,origin_system
TS-0000001,EMP-0001,2026-05-15,PRJ-002,Approved,41.0,OnPrem-SQLServer
TS-0000002,EMP-0001,2026-05-22,PRJ-002,Approved,40.0,OnPrem-SQLServer
TS-0000003,EMP-0001,2026-05-29,PRJ-002,Submitted,40.0,OnPrem-SQLServer
TS-0000004,EMP-0001,2026-06-05,PRJ-002,Approved,41.67,OnPrem-SQLServer
TS-0000005,EMP-0001,2026-06-12,PRJ-002,Approved,40.0,OnPrem-SQLServer
TS-0000006,EMP-0001,2026-07-03,PRJ-002,Approved,42.42,OnPrem-SQLServer
TS-0000007,EMP-0001,2026-07-10,PRJ-002,Submitted,40.0,OnPrem-SQLServer
TS-0000008,EMP-0001,2026-07-17,PRJ-002,Approved,40.58,OnPrem-SQLServer
TS-0000009,EMP-0001,2026-07-24,PRJ-002,Approved,41.25,OnPrem-SQLServer
TS-0000010,EMP-0001,2026-07-31,PRJ-002,Approved,41.91,OnPrem-SQLServer
TS-0000011,EMP-0002,2026-05-01,PRJ-006,Approved,41.34,OnPrem-SQLServer
TS-0000012,EMP-0002,2026-05-08,PRJ-006,Approved,40.0,OnPrem-SQLServer
TS-0000013,EMP-0002,2026-05-15,PRJ-006,Approved,41.46,OnPrem-SQLServer
TS-0000014,EMP-0002,2026-05-22,PRJ-006,Approved,41.46,OnPrem-SQLServer
TS-0000015,EMP-0002,2026-05-29,PRJ-006,Approved,40.0,OnPrem-SQLServer
TS-0000016,EMP-0002,2026-06-05,PRJ-004,Approved,44.23,OnPrem-SQLServer
TS-0000017,EMP-0002,2026-06-12,PRJ-006,Submitted,40.0,OnPrem-SQLServer
TS-0000018,EMP-0002,2026-06-19,PRJ-006,Approved,40.0,OnPrem-SQLServer
TS-0000019,EMP-0002,2026-06-26,PRJ-006,Approved,40.0,OnPrem-SQLServer
TS-0000020,EMP-0002,2026-07-17,PRJ-006,Approved,40.77,OnPrem-SQLServer
TS-0000021,EMP-0002,2026-07-31,PRJ-006,Approved,40.0,OnPrem-SQLServer
TS-0000022,EMP-0003,2026-05-29,PRJ-003,Submitted,40.0,OnPrem-SQLServer
TS-0000023,EMP-0003,2026-06-05,PRJ-005,Submitted,41.56,OnPrem-SQLServer
TS-0000024,EMP-0003,2026-06-12,PRJ-003,Approved,42.35,OnPrem-SQLServer
TS-0000025,EMP-0003,2026-06-19,PRJ-008,Approved,43.02,OnPrem-SQLServer
TS-0000026,EMP-0003,2026-06-26,PRJ-003,Approved,40.0,OnPrem-SQLServer
TS-0000027,EMP-0003,2026-07-03,PRJ-003,Approved,40.0,OnPrem-SQLServer
TS-0000028,EMP-0003,2026-07-10,PRJ-003,Approved,42.38,OnPrem-SQLServer
TS-0000029,EMP-0003,2026-07-24,PRJ-003,Approved,40.0,OnPrem-SQLServer
TS-0000030,EMP-0003,2026-07-31,PRJ-003,Approved,40.0,OnPrem-SQLServer
TS-0000031,EMP-0004,2026-06-12,PRJ-010,Approved,40.91,OnPrem-SQLServer
TS-0000032,EMP-0004,2026-06-19,PRJ-001,Submitted,45.87,OnPrem-SQLServer
TS-0000033,EMP-0004,2026-06-26,PRJ-010,Approved,41.42,OnPrem-SQLServer
TS-0000034,EMP-0004,2026-07-03,PRJ-008,Approved,40.0,OnPrem-SQLServer
TS-0000035,EMP-0004,2026-07-10,PRJ-001,Approved,47.09,OnPrem-SQLServer
TS-0000036,EMP-0004,2026-07-17,PRJ-010,Approved,41.32,OnPrem-SQLServer
TS-0000037,EMP-0004,2026-07-24,PRJ-010,Approved,41.85,OnPrem-SQLServer
TS-0000038,EMP-0004,2026-07-31,PRJ-010,Approved,41.02,OnPrem-SQLServer
TS-0000039,EMP-0006,2026-06-19,PRJ-012,Approved,40.0,OnPrem-SQLServer
TS-0000040,EMP-0006,2026-06-26,PRJ-012,Submitted,40.0,OnPrem-SQLServer
TS-0000041,EMP-0006,2026-07-03,PRJ-010,Approved,43.05,OnPrem-SQLServer
TS-0000042,EMP-0006,2026-07-10,PRJ-012,Approved,41.13,OnPrem-SQLServer
TS-0000043,EMP-0006,2026-07-24,PRJ-012,Approved,43.29,OnPrem-SQLServer
TS-0000044,EMP-0006,2026-07-31,PRJ-004,Approved,41.51,OnPrem-SQLServer
TS-0000045,EMP-0007,2026-06-12,PRJ-001,Approved,40.8,OnPrem-SQLServer
TS-0000046,EMP-0007,2026-06-19,PRJ-001,Approved,59.75,OnPrem-SQLServer
TS-0000047,EMP-0007,2026-06-26,PRJ-001,Approved,58.78,OnPrem-SQLServer
TS-0000048,EMP-0007,2026-07-03,PRJ-001,Approved,50.54,OnPrem-SQLServer
TS-0000049,EMP-0007,2026-07-10,PRJ-001,Approved,61.96,OnPrem-SQLServer
TS-0000050,EMP-0007,2026-07-17,PRJ-001,Approved,61.22,OnPrem-SQLServer
TS-0000051,EMP-0007,2026-07-24,PRJ-012,Approved,40.0,OnPrem-SQLServer
TS-0000052,EMP-0007,2026-07-31,PRJ-001,Approved,47.71,OnPrem-SQLServer
TS-0000053,EMP-0009,2026-05-29,PRJ-010,Approved,40.0,OnPrem-SQLServer
TS-0000054,EMP-0009,2026-06-05,PRJ-010,Approved,40.98,OnPrem-SQLServer
TS-0000055,EMP-0009,2026-06-12,PRJ-010,Approved,43.61,OnPrem-SQLServer
TS-0000056,EMP-0009,2026-06-19,PRJ-010,Approved,42.52,OnPrem-SQLServer
TS-0000057,EMP-0009,2026-06-26,PRJ-004,Approved,41.73,OnPrem-SQLServer
TS-0000058,EMP-0009,2026-07-03,PRJ-010,Approved,40.83,OnPrem-SQLServer
TS-0000059,EMP-0009,2026-07-10,PRJ-010,Approved,40.0,OnPrem-SQLServer
TS-0000060,EMP-0009,2026-07-24,PRJ-010,Approved,40.84,OnPrem-SQLServer
TS-0000061,EMP-0009,2026-07-31,PRJ-002,Approved,40.0,OnPrem-SQLServer
TS-0000062,EMP-0010,2026-05-22,PRJ-005,Approved,40.0,OnPrem-SQLServer
TS-0000063,EMP-0010,2026-05-29,PRJ-005,Approved,40.0,OnPrem-SQLServer
TS-0000064,EMP-0010,2026-06-05,PRJ-005,Submitted,40.0,OnPrem-SQLServer
TS-0000065,EMP-0010,2026-06-12,PRJ-005,Approved,40.0,OnPrem-SQLServer
TS-0000066,EMP-0010,2026-06-19,PRJ-005,Submitted,40.0,OnPrem-SQLServer
TS-0000067,EMP-0010,2026-06-26,PRJ-005,Submitted,43.67,OnPrem-SQLServer
TS-0000068,EMP-0010,2026-07-03,PRJ-005,Submitted,41.86,OnPrem-SQLServer
TS-0000069,EMP-0010,2026-07-10,PRJ-005,Approved,40.0,OnPrem-SQLServer
TS-0000070,EMP-0010,2026-07-17,PRJ-005,Approved,40.0,OnPrem-SQLServer
TS-0000071,EMP-0010,2026-07-24,PRJ-005,Approved,40.0,OnPrem-SQLServer
TS-0000072,EMP-0010,2026-07-31,PRJ-005,Approved,41.37,OnPrem-SQLServer
TS-0000073,EMP-0012,2026-05-22,PRJ-012,Approved,41.79,OnPrem-SQLServer
TS-0000074,EMP-0012,2026-05-29,PRJ-012,Approved,40.86,OnPrem-SQLServer
TS-0000075,EMP-0012,2026-06-05,PRJ-012,Approved,40.0,OnPrem-SQLServer
TS-0000076,EMP-0012,2026-06-12,PRJ-007,Approved,40.0,OnPrem-SQLServer
TS-0000077,EMP-0012,2026-06-19,PRJ-012,Approved,40.58,OnPrem-SQLServer
TS-0000078,EMP-0012,2026-06-26,PRJ-012,Submitted,40.0,OnPrem-SQLServer
TS-0000079,EMP-0012,2026-07-03,PRJ-012,Approved,41.16,OnPrem-SQLServer
TS-0000080,EMP-0012,2026-07-10,PRJ-001,Approved,50.95,OnPrem-SQLServer
TS-0000081,EMP-0012,2026-07-17,PRJ-012,Approved,40.0,OnPrem-SQLServer
TS-0000082,EMP-0012,2026-07-24,PRJ-002,Approved,41.6,OnPrem-SQLServer
TS-0000083,EMP-0012,2026-07-31,PRJ-012,Approved,40.81,OnPrem-SQLServer
TS-0000084,EMP-0014,2026-06-19,PRJ-001,Approved,46.14,OnPrem-SQLServer
TS-0000085,EMP-0014,2026-06-26,PRJ-001,Approved,58.16,OnPrem-SQLServer
TS-0000086,EMP-0014,2026-07-10,PRJ-001,Submitted,48.5,OnPrem-SQLServer
TS-0000087,EMP-0014,2026-07-17,PRJ-005,Approved,40.0,OnPrem-SQLServer
TS-0000088,EMP-0014,2026-07-24,PRJ-001,Approved,43.59,OnPrem-SQLServer
TS-0000089,EMP-0014,2026-07-31,PRJ-001,Approved,48.18,OnPrem-SQLServer
TS-0000090,EMP-0015,2026-05-15,PRJ-003,Approved,40.0,OnPrem-SQLServer
TS-0000091,EMP-0015,2026-05-22,PRJ-003,Approved,43.34,OnPrem-SQLServer
TS-0000092,EMP-0015,2026-05-29,PRJ-008,Approved,42.61,OnPrem-SQLServer
TS-0000093,EMP-0015,2026-06-05,PRJ-003,Rejected,40.82,OnPrem-SQLServer
TS-0000094,EMP-0015,2026-06-12,PRJ-003,Approved,41.53,OnPrem-SQLServer
TS-0000095,EMP-0015,2026-06-19,PRJ-003,Submitted,41.5,OnPrem-SQLServer
TS-0000096,EMP-0015,2026-06-26,PRJ-003,Approved,40.0,OnPrem-SQLServer
TS-0000097,EMP-0015,2026-07-03,PRJ-003,Approved,41.78,OnPrem-SQLServer
TS-0000098,EMP-0015,2026-07-10,PRJ-003,Rejected,40.0,OnPrem-SQLServer
TS-0000099,EMP-0015,2026-07-17,PRJ-003,Rejected,41.44,OnPrem-SQLServer
TS-0000100,EMP-0015,2026-07-24,PRJ-003,Rejected,40.53,OnPrem-SQLServer
TS-0000101,EMP-0015,2026-07-31,PRJ-003,Approved,40.6,OnPrem-SQLServer
TS-0000102,EMP-0016,2026-06-12,PRJ-009,Approved,40.0,OnPrem-SQLServer
TS-0000103,EMP-0016,2026-06-19,PRJ-009,Submitted,41.12,OnPrem-SQLServer
TS-0000104,EMP-0016,2026-06-26,PRJ-009,Submitted,42.03,OnPrem-SQLServer
TS-0000105,EMP-0016,2026-07-10,PRJ-009,Submitted,40.0,OnPrem-SQLServer
TS-0000106,EMP-0016,2026-07-17,PRJ-009,Submitted,40.0,OnPrem-SQLServer
TS-0000107,EMP-0016,2026-07-24,PRJ-009,Approved,43.36,OnPrem-SQLServer
TS-0000108,EMP-0016,2026-07-31,PRJ-009,Approved,40.0,OnPrem-SQLServer
TS-0000109,EMP-0017,2026-05-22,PRJ-005,Approved,43.54,OnPrem-SQLServer
TS-0000110,EMP-0017,2026-05-29,PRJ-010,Approved,40.0,OnPrem-SQLServer
TS-0000111,EMP-0017,2026-06-05,PRJ-010,Approved,42.62,OnPrem-SQLServer
TS-0000112,EMP-0017,2026-06-12,PRJ-010,Submitted,43.45,OnPrem-SQLServer
TS-0000113,EMP-0017,2026-06-26,PRJ-010,Submitted,42.33,OnPrem-SQLServer
TS-0000114,EMP-0017,2026-07-03,PRJ-010,Submitted,40.9,OnPrem-SQLServer
TS-0000115,EMP-0017,2026-07-10,PRJ-005,Approved,40.0,OnPrem-SQLServer
TS-0000116,EMP-0017,2026-07-17,PRJ-010,Submitted,40.0,OnPrem-SQLServer
TS-0000117,EMP-0017,2026-07-24,PRJ-003,Approved,42.55,OnPrem-SQLServer
TS-0000118,EMP-0017,2026-07-31,PRJ-010,Approved,40.58,OnPrem-SQLServer
TS-0000119,EMP-0018,2026-05-15,PRJ-001,Approved,56.0,OnPrem-SQLServer
TS-0000120,EMP-0018,2026-05-22,PRJ-001,Approved,43.82,OnPrem-SQLServer
TS-0000121,EMP-0018,2026-06-05,PRJ-008,Approved,40.0,OnPrem-SQLServer
TS-0000122,EMP-0018,2026-06-12,PRJ-001,Approved,44.91,OnPrem-SQLServer
TS-0000123,EMP-0018,2026-06-19,PRJ-010,Submitted,40.0,OnPrem-SQLServer
TS-0000124,EMP-0018,2026-06-26,PRJ-001,Submitted,47.39,OnPrem-SQLServer
TS-0000125,EMP-0018,2026-07-03,PRJ-001,Approved,47.38,OnPrem-SQLServer
TS-0000126,EMP-0018,2026-07-17,PRJ-009,Approved,44.12,OnPrem-SQLServer
TS-0000127,EMP-0018,2026-07-24,PRJ-001,Approved,52.38,OnPrem-SQLServer
TS-0000128,EMP-0019,2026-04-24,PRJ-002,Approved,40.0,OnPrem-SQLServer
TS-0000129,EMP-0019,2026-05-01,PRJ-002,Approved,41.92,OnPrem-SQLServer
TS-0000130,EMP-0019,2026-05-08,PRJ-002,Approved,40.61,OnPrem-SQLServer
TS-0000131,EMP-0019,2026-05-15,PRJ-002,Approved,40.8,OnPrem-SQLServer
TS-0000132,EMP-0019,2026-05-22,PRJ-002,Approved,41.52,OnPrem-SQLServer
TS-0000133,EMP-0019,2026-05-29,PRJ-002,Approved,41.0,OnPrem-SQLServer
TS-0000134,EMP-0019,2026-06-05,PRJ-004,Approved,40.0,OnPrem-SQLServer
TS-0000135,EMP-0019,2026-06-12,PRJ-002,Approved,43.92,OnPrem-SQLServer
TS-0000136,EMP-0019,2026-06-26,PRJ-002,Approved,40.0,OnPrem-SQLServer
TS-0000137,EMP-0019,2026-07-03,PRJ-010,Submitted,41.43,OnPrem-SQLServer
TS-0000138,EMP-0019,2026-07-10,PRJ-002,Submitted,41.29,OnPrem-SQLServer
TS-0000139,EMP-0019,2026-07-17,PRJ-011,Approved,40.0,OnPrem-SQLServer
TS-0000140,EMP-0019,2026-07-24,PRJ-002,Approved,42.0,OnPrem-SQLServer
TS-0000141,EMP-0019,2026-07-31,PRJ-002,Approved,40.0,OnPrem-SQLServer
TS-0000142,EMP-0020,2026-05-01,PRJ-005,Approved,40.0,OnPrem-SQLServer
TS-0000143,EMP-0020,2026-05-08,PRJ-001,Approved,54.13,OnPrem-SQLServer
TS-0000144,EMP-0020,2026-05-15,PRJ-003,Approved,40.0,OnPrem-SQLServer
TS-0000145,EMP-0020,2026-05-22,PRJ-005,Approved,40.0,OnPrem-SQLServer
TS-0000146,EMP-0020,2026-06-05,PRJ-005,Submitted,41.62,OnPrem-SQLServer
TS-0000147,EMP-0020,2026-06-19,PRJ-005,Submitted,40.0,OnPrem-SQLServer
TS-0000148,EMP-0020,2026-06-26,PRJ-005,Approved,40.0,OnPrem-SQLServer
TS-0000149,EMP-0020,2026-07-10,PRJ-010,Approved,40.0,OnPrem-SQLServer
TS-0000150,EMP-0020,2026-07-17,PRJ-005,Rejected,40.0,OnPrem-SQLServer
TS-0000151,EMP-0020,2026-07-24,PRJ-006,Submitted,42.54,OnPrem-SQLServer
TS-0000152,EMP-0020,2026-07-31,PRJ-005,Submitted,40.0,OnPrem-SQLServer
TS-0000153,EMP-0021,2026-05-01,PRJ-001,Approved,46.38,OnPrem-SQLServer
TS-0000154,EMP-0021,2026-05-08,PRJ-001,Approved,54.1,OnPrem-SQLServer
TS-0000155,EMP-0021,2026-05-15,PRJ-001,Approved,54.92,OnPrem-SQLServer
TS-0000156,EMP-0021,2026-05-22,PRJ-001,Approved,54.54,OnPrem-SQLServer
TS-0000157,EMP-0021,2026-05-29,PRJ-001,Approved,48.3,OnPrem-SQLServer
TS-0000158,EMP-0021,2026-06-05,PRJ-008,Approved,40.0,OnPrem-SQLServer
TS-0000159,EMP-0021,2026-06-12,PRJ-001,Approved,46.65,OnPrem-SQLServer
TS-0000160,EMP-0021,2026-06-19,PRJ-001,Approved,54.3,OnPrem-SQLServer
TS-0000161,EMP-0021,2026-06-26,PRJ-001,Approved,57.28,OnPrem-SQLServer
TS-0000162,EMP-0021,2026-07-03,PRJ-001,Approved,58.11,OnPrem-SQLServer
TS-0000163,EMP-0021,2026-07-10,PRJ-001,Approved,51.87,OnPrem-SQLServer
TS-0000164,EMP-0021,2026-07-17,PRJ-001,Approved,53.14,OnPrem-SQLServer
TS-0000165,EMP-0021,2026-07-24,PRJ-001,Approved,51.2,OnPrem-SQLServer
TS-0000166,EMP-0022,2026-06-05,PRJ-010,Submitted,40.61,OnPrem-SQLServer
TS-0000167,EMP-0022,2026-06-12,PRJ-010,Approved,40.0,OnPrem-SQLServer
TS-0000168,EMP-0022,2026-06-19,PRJ-010,Approved,42.04,OnPrem-SQLServer
TS-0000169,EMP-0022,2026-06-26,PRJ-001,Submitted,52.1,OnPrem-SQLServer
TS-0000170,EMP-0022,2026-07-03,PRJ-010,Approved,40.0,OnPrem-SQLServer
TS-0000171,EMP-0022,2026-07-10,PRJ-010,Submitted,40.62,OnPrem-SQLServer
TS-0000172,EMP-0022,2026-07-17,PRJ-010,Approved,43.15,OnPrem-SQLServer
TS-0000173,EMP-0022,2026-07-24,PRJ-010,Approved,40.0,OnPrem-SQLServer
TS-0000174,EMP-0022,2026-07-31,PRJ-010,Approved,40.0,OnPrem-SQLServer
TS-0000175,EMP-0023,2026-05-22,PRJ-009,Approved,40.0,OnPrem-SQLServer
TS-0000176,EMP-0023,2026-05-29,PRJ-009,Approved,40.62,OnPrem-SQLServer
TS-0000177,EMP-0023,2026-06-05,PRJ-009,Approved,40.0,OnPrem-SQLServer
TS-0000178,EMP-0023,2026-06-12,PRJ-009,Approved,40.0,OnPrem-SQLServer
TS-0000179,EMP-0023,2026-06-19,PRJ-009,Approved,41.8,OnPrem-SQLServer
TS-0000180,EMP-0023,2026-06-26,PRJ-009,Approved,40.0,OnPrem-SQLServer
TS-0000181,EMP-0023,2026-07-03,PRJ-009,Approved,41.9,OnPrem-SQLServer
TS-0000182,EMP-0023,2026-07-10,PRJ-009,Approved,41.67,OnPrem-SQLServer
TS-0000183,EMP-0023,2026-07-17,PRJ-009,Approved,42.41,OnPrem-SQLServer
TS-0000184,EMP-0023,2026-07-24,PRJ-009,Approved,40.0,OnPrem-SQLServer
TS-0000185,EMP-0023,2026-07-31,PRJ-009,Approved,41.25,OnPrem-SQLServer
TS-0000186,EMP-0024,2026-06-12,PRJ-009,Approved,40.0,OnPrem-SQLServer
TS-0000187,EMP-0024,2026-06-19,PRJ-009,Approved,40.0,OnPrem-SQLServer
TS-0000188,EMP-0024,2026-06-26,PRJ-012,Approved,40.66,OnPrem-SQLServer
TS-0000189,EMP-0024,2026-07-03,PRJ-009,Submitted,41.49,OnPrem-SQLServer
TS-0000190,EMP-0024,2026-07-10,PRJ-006,Approved,40.0,OnPrem-SQLServer
TS-0000191,EMP-0024,2026-07-24,PRJ-009,Approved,40.0,OnPrem-SQLServer
TS-0000192,EMP-0024,2026-07-31,PRJ-003,Approved,40.0,OnPrem-SQLServer
TS-0000193,EMP-0025,2026-06-19,PRJ-006,Approved,41.67,OnPrem-SQLServer
TS-0000194,EMP-0025,2026-06-26,PRJ-006,Rejected,41.58,OnPrem-SQLServer
TS-0000195,EMP-0025,2026-07-03,PRJ-006,Approved,41.83,OnPrem-SQLServer
TS-0000196,EMP-0025,2026-07-10,PRJ-006,Approved,40.0,OnPrem-SQLServer
TS-0000197,EMP-0025,2026-07-17,PRJ-006,Submitted,40.0,OnPrem-SQLServer
TS-0000198,EMP-0025,2026-07-24,PRJ-006,Approved,40.78,OnPrem-SQLServer
TS-0000199,EMP-0025,2026-07-31,PRJ-006,Submitted,42.7,OnPrem-SQLServer
TS-0000200,EMP-0026,2026-05-01,PRJ-008,Approved,41.33,OnPrem-SQLServer
TS-0000201,EMP-0026,2026-05-08,PRJ-008,Approved,41.32,OnPrem-SQLServer
TS-0000202,EMP-0026,2026-05-15,PRJ-008,Submitted,41.35,OnPrem-SQLServer
TS-0000203,EMP-0026,2026-05-22,PRJ-008,Approved,41.84,OnPrem-SQLServer
TS-0000204,EMP-0026,2026-05-29,PRJ-008,Submitted,41.51,OnPrem-SQLServer
TS-0000205,EMP-0026,2026-06-05,PRJ-008,Approved,40.59,OnPrem-SQLServer
TS-0000206,EMP-0026,2026-06-12,PRJ-008,Approved,40.0,OnPrem-SQLServer
TS-0000207,EMP-0026,2026-06-19,PRJ-008,Submitted,40.0,OnPrem-SQLServer
TS-0000208,EMP-0026,2026-06-26,PRJ-008,Approved,40.0,OnPrem-SQLServer
TS-0000209,EMP-0026,2026-07-03,PRJ-008,Approved,40.0,OnPrem-SQLServer
TS-0000210,EMP-0026,2026-07-10,PRJ-008,Approved,41.89,OnPrem-SQLServer
TS-0000211,EMP-0026,2026-07-17,PRJ-008,Submitted,41.7,OnPrem-SQLServer
TS-0000212,EMP-0026,2026-07-24,PRJ-008,Approved,42.9,OnPrem-SQLServer
TS-0000213,EMP-0026,2026-07-31,PRJ-008,Approved,40.0,OnPrem-SQLServer
TS-0000214,EMP-0027,2026-06-12,PRJ-007,Approved,41.38,OnPrem-SQLServer
TS-0000215,EMP-0027,2026-06-19,PRJ-007,Approved,41.37,OnPrem-SQLServer
TS-0000216,EMP-0027,2026-06-26,PRJ-007,Approved,42.5,OnPrem-SQLServer
TS-0000217,EMP-0027,2026-07-03,PRJ-007,Approved,41.5,OnPrem-SQLServer
TS-0000218,EMP-0027,2026-07-17,PRJ-007,Approved,40.0,OnPrem-SQLServer
TS-0000219,EMP-0027,2026-07-24,PRJ-007,Approved,40.0,OnPrem-SQLServer
TS-0000220,EMP-0027,2026-07-31,PRJ-007,Approved,40.0,OnPrem-SQLServer
TS-0000221,EMP-0028,2026-05-15,PRJ-009,Approved,41.97,OnPrem-SQLServer
TS-0000222,EMP-0028,2026-05-29,PRJ-009,Approved,40.68,OnPrem-SQLServer
TS-0000223,EMP-0028,2026-06-05,PRJ-009,Submitted,40.0,OnPrem-SQLServer
TS-0000224,EMP-0028,2026-06-12,PRJ-009,Approved,41.44,OnPrem-SQLServer
TS-0000225,EMP-0028,2026-06-19,PRJ-009,Submitted,41.76,OnPrem-SQLServer
TS-0000226,EMP-0028,2026-06-26,PRJ-009,Approved,40.0,OnPrem-SQLServer
TS-0000227,EMP-0028,2026-07-03,PRJ-009,Approved,41.21,OnPrem-SQLServer
TS-0000228,EMP-0028,2026-07-10,PRJ-009,Approved,41.74,OnPrem-SQLServer
TS-0000229,EMP-0028,2026-07-17,PRJ-009,Approved,40.0,OnPrem-SQLServer
TS-0000230,EMP-0028,2026-07-31,PRJ-009,Approved,40.0,OnPrem-SQLServer
TS-0000231,EMP-0029,2026-05-22,PRJ-006,Approved,42.39,OnPrem-SQLServer
TS-0000232,EMP-0029,2026-06-05,PRJ-006,Approved,44.38,OnPrem-SQLServer
TS-0000233,EMP-0029,2026-06-12,PRJ-006,Approved,40.0,OnPrem-SQLServer
TS-0000234,EMP-0029,2026-06-19,PRJ-006,Approved,40.0,OnPrem-SQLServer
TS-0000235,EMP-0029,2026-06-26,PRJ-006,Approved,40.0,OnPrem-SQLServer
TS-0000236,EMP-0029,2026-07-03,PRJ-006,Submitted,40.8,OnPrem-SQLServer
TS-0000237,EMP-0029,2026-07-10,PRJ-006,Approved,41.81,OnPrem-SQLServer
TS-0000238,EMP-0029,2026-07-17,PRJ-006,Approved,41.42,OnPrem-SQLServer
TS-0000239,EMP-0029,2026-07-24,PRJ-006,Approved,42.77,OnPrem-SQLServer
TS-0000240,EMP-0029,2026-07-31,PRJ-006,Approved,43.12,OnPrem-SQLServer
TS-0000241,EMP-0030,2026-05-29,PRJ-008,Approved,40.0,OnPrem-SQLServer
TS-0000242,EMP-0030,2026-06-05,PRJ-008,Approved,40.71,OnPrem-SQLServer
TS-0000243,EMP-0030,2026-06-12,PRJ-008,Submitted,40.0,OnPrem-SQLServer
TS-0000244,EMP-0030,2026-06-19,PRJ-008,Submitted,40.0,OnPrem-SQLServer
TS-0000245,EMP-0030,2026-06-26,PRJ-008,Approved,40.0,OnPrem-SQLServer
TS-0000246,EMP-0030,2026-07-03,PRJ-008,Approved,40.0,OnPrem-SQLServer
TS-0000247,EMP-0030,2026-07-17,PRJ-005,Approved,41.98,OnPrem-SQLServer
TS-0000248,EMP-0030,2026-07-24,PRJ-008,Submitted,40.0,OnPrem-SQLServer
TS-0000249,EMP-0030,2026-07-31,PRJ-008,Approved,40.0,OnPrem-SQLServer
TS-0000250,EMP-0031,2026-06-05,PRJ-008,Submitted,40.0,OnPrem-SQLServer
TS-0000251,EMP-0031,2026-06-12,PRJ-008,Approved,41.26,OnPrem-SQLServer
TS-0000252,EMP-0031,2026-06-19,PRJ-008,Approved,41.2,OnPrem-SQLServer
TS-0000253,EMP-0031,2026-06-26,PRJ-008,Approved,40.0,OnPrem-SQLServer
TS-0000254,EMP-0031,2026-07-03,PRJ-008,Approved,40.0,OnPrem-SQLServer
TS-0000255,EMP-0031,2026-07-17,PRJ-008,Approved,41.3,OnPrem-SQLServer
TS-0000256,EMP-0031,2026-07-24,PRJ-008,Approved,40.0,OnPrem-SQLServer
TS-0000257,EMP-0031,2026-07-31,PRJ-008,Approved,41.06,OnPrem-SQLServer
TS-0000258,EMP-0032,2026-05-29,PRJ-008,Approved,42.98,OnPrem-SQLServer
TS-0000259,EMP-0032,2026-06-05,PRJ-008,Approved,40.67,OnPrem-SQLServer
TS-0000260,EMP-0032,2026-06-12,PRJ-007,Approved,40.0,OnPrem-SQLServer
TS-0000261,EMP-0032,2026-06-19,PRJ-008,Approved,42.47,OnPrem-SQLServer
TS-0000262,EMP-0032,2026-06-26,PRJ-008,Approved,40.0,OnPrem-SQLServer
TS-0000263,EMP-0032,2026-07-10,PRJ-008,Approved,40.0,OnPrem-SQLServer
TS-0000264,EMP-0032,2026-07-17,PRJ-008,Approved,41.87,OnPrem-SQLServer
TS-0000265,EMP-0032,2026-07-24,PRJ-008,Approved,43.69,OnPrem-SQLServer
TS-0000266,EMP-0034,2026-06-12,PRJ-011,Approved,40.0,OnPrem-SQLServer
TS-0000267,EMP-0034,2026-06-19,PRJ-011,Approved,41.95,OnPrem-SQLServer
TS-0000268,EMP-0034,2026-06-26,PRJ-011,Submitted,40.0,OnPrem-SQLServer
TS-0000269,EMP-0034,2026-07-03,PRJ-011,Rejected,40.0,OnPrem-SQLServer
TS-0000270,EMP-0034,2026-07-10,PRJ-002,Approved,40.61,OnPrem-SQLServer
TS-0000271,EMP-0034,2026-07-17,PRJ-011,Approved,40.0,OnPrem-SQLServer
TS-0000272,EMP-0034,2026-07-24,PRJ-011,Approved,40.0,OnPrem-SQLServer
TS-0000273,EMP-0034,2026-07-31,PRJ-011,Approved,40.0,OnPrem-SQLServer
TS-0000274,EMP-0035,2026-06-05,PRJ-005,Approved,40.0,OnPrem-SQLServer
TS-0000275,EMP-0035,2026-06-12,PRJ-005,Approved,40.0,OnPrem-SQLServer
TS-0000276,EMP-0035,2026-06-19,PRJ-005,Approved,40.0,OnPrem-SQLServer
TS-0000277,EMP-0035,2026-06-26,PRJ-005,Approved,40.0,OnPrem-SQLServer
TS-0000278,EMP-0035,2026-07-03,PRJ-005,Approved,40.0,OnPrem-SQLServer
TS-0000279,EMP-0035,2026-07-10,PRJ-008,Approved,41.94,OnPrem-SQLServer
TS-0000280,EMP-0035,2026-07-17,PRJ-005,Submitted,40.0,OnPrem-SQLServer
TS-0000281,EMP-0035,2026-07-24,PRJ-005,Approved,41.43,OnPrem-SQLServer
TS-0000282,EMP-0035,2026-07-31,PRJ-005,Approved,40.0,OnPrem-SQLServer
TS-0000283,EMP-0036,2026-05-22,PRJ-011,Approved,40.0,OnPrem-SQLServer
TS-0000284,EMP-0036,2026-05-29,PRJ-008,Submitted,40.74,OnPrem-SQLServer
TS-0000285,EMP-0036,2026-06-05,PRJ-011,Submitted,41.38,OnPrem-SQLServer
TS-0000286,EMP-0036,2026-06-12,PRJ-011,Rejected,41.61,OnPrem-SQLServer
TS-0000287,EMP-0036,2026-06-26,PRJ-011,Rejected,42.23,OnPrem-SQLServer
TS-0000288,EMP-0036,2026-07-03,PRJ-010,Approved,40.66,OnPrem-SQLServer
TS-0000289,EMP-0036,2026-07-10,PRJ-011,Approved,41.63,OnPrem-SQLServer
TS-0000290,EMP-0036,2026-07-17,PRJ-006,Approved,40.0,OnPrem-SQLServer
TS-0000291,EMP-0036,2026-07-31,PRJ-011,Approved,41.17,OnPrem-SQLServer
TS-0000292,EMP-0038,2026-06-19,PRJ-001,Approved,58.02,OnPrem-SQLServer
TS-0000293,EMP-0038,2026-06-26,PRJ-001,Approved,50.51,OnPrem-SQLServer
TS-0000294,EMP-0038,2026-07-03,PRJ-001,Approved,54.22,OnPrem-SQLServer
TS-0000295,EMP-0038,2026-07-10,PRJ-001,Approved,52.52,OnPrem-SQLServer
TS-0000296,EMP-0038,2026-07-17,PRJ-001,Approved,46.69,OnPrem-SQLServer
TS-0000297,EMP-0038,2026-07-24,PRJ-001,Submitted,49.44,OnPrem-SQLServer
TS-0000298,EMP-0038,2026-07-31,PRJ-001,Approved,48.67,OnPrem-SQLServer
TS-0000299,EMP-0039,2026-05-22,PRJ-006,Approved,40.99,OnPrem-SQLServer
TS-0000300,EMP-0039,2026-05-29,PRJ-012,Approved,40.0,OnPrem-SQLServer
TS-0000301,EMP-0039,2026-06-05,PRJ-006,Rejected,41.31,OnPrem-SQLServer
TS-0000302,EMP-0039,2026-06-12,PRJ-006,Approved,41.31,OnPrem-SQLServer
TS-0000303,EMP-0039,2026-06-19,PRJ-006,Approved,40.0,OnPrem-SQLServer
TS-0000304,EMP-0039,2026-06-26,PRJ-006,Rejected,40.76,OnPrem-SQLServer
TS-0000305,EMP-0039,2026-07-03,PRJ-006,Approved,40.89,OnPrem-SQLServer
TS-0000306,EMP-0039,2026-07-10,PRJ-004,Approved,40.0,OnPrem-SQLServer
TS-0000307,EMP-0039,2026-07-17,PRJ-006,Approved,40.9,OnPrem-SQLServer
TS-0000308,EMP-0039,2026-07-24,PRJ-006,Rejected,40.61,OnPrem-SQLServer
TS-0000309,EMP-0039,2026-07-31,PRJ-006,Approved,40.0,OnPrem-SQLServer
TS-0000310,EMP-0040,2026-06-12,PRJ-006,Approved,44.59,OnPrem-SQLServer
TS-0000311,EMP-0040,2026-06-19,PRJ-006,Approved,42.07,OnPrem-SQLServer
TS-0000312,EMP-0040,2026-06-26,PRJ-006,Approved,43.74,OnPrem-SQLServer
TS-0000313,EMP-0040,2026-07-03,PRJ-006,Approved,40.0,OnPrem-SQLServer
TS-0000314,EMP-0040,2026-07-10,PRJ-004,Approved,41.15,OnPrem-SQLServer
TS-0000315,EMP-0040,2026-07-17,PRJ-006,Approved,40.0,OnPrem-SQLServer
TS-0000316,EMP-0040,2026-07-24,PRJ-006,Submitted,40.0,OnPrem-SQLServer
TS-0000317,EMP-0040,2026-07-31,PRJ-006,Approved,40.0,OnPrem-SQLServer
TS-0000318,EMP-0041,2026-05-29,PRJ-011,Approved,41.9,OnPrem-SQLServer
TS-0000319,EMP-0041,2026-06-05,PRJ-011,Submitted,40.0,OnPrem-SQLServer
TS-0000320,EMP-0041,2026-06-12,PRJ-011,Approved,41.79,OnPrem-SQLServer
TS-0000321,EMP-0041,2026-06-19,PRJ-011,Approved,41.03,OnPrem-SQLServer
TS-0000322,EMP-0041,2026-06-26,PRJ-011,Submitted,41.75,OnPrem-SQLServer
TS-0000323,EMP-0041,2026-07-03,PRJ-011,Approved,40.0,OnPrem-SQLServer
TS-0000324,EMP-0041,2026-07-17,PRJ-011,Approved,41.96,OnPrem-SQLServer
TS-0000325,EMP-0041,2026-07-24,PRJ-011,Approved,43.74,OnPrem-SQLServer
TS-0000326,EMP-0041,2026-07-31,PRJ-011,Approved,40.0,OnPrem-SQLServer
TS-0000327,EMP-0042,2026-05-22,PRJ-001,Approved,43.0,OnPrem-SQLServer
TS-0000328,EMP-0042,2026-06-05,PRJ-001,Submitted,51.79,OnPrem-SQLServer
TS-0000329,EMP-0042,2026-06-12,PRJ-004,Approved,40.0,OnPrem-SQLServer
TS-0000330,EMP-0042,2026-06-19,PRJ-001,Approved,46.99,OnPrem-SQLServer
TS-0000331,EMP-0042,2026-06-26,PRJ-001,Submitted,51.12,OnPrem-SQLServer
TS-0000332,EMP-0042,2026-07-03,PRJ-001,Approved,55.53,OnPrem-SQLServer
TS-0000333,EMP-0042,2026-07-10,PRJ-001,Rejected,53.56,OnPrem-SQLServer
TS-0000334,EMP-0042,2026-07-17,PRJ-001,Approved,53.05,OnPrem-SQLServer
TS-0000335,EMP-0042,2026-07-31,PRJ-001,Approved,54.27,OnPrem-SQLServer
TS-0000336,EMP-0043,2026-05-22,PRJ-005,Submitted,41.37,OnPrem-SQLServer
TS-0000337,EMP-0043,2026-05-29,PRJ-003,Approved,43.38,OnPrem-SQLServer
TS-0000338,EMP-0043,2026-06-05,PRJ-003,Approved,42.46,OnPrem-SQLServer
TS-0000339,EMP-0043,2026-06-12,PRJ-003,Approved,42.86,OnPrem-SQLServer
TS-0000340,EMP-0043,2026-06-19,PRJ-003,Rejected,40.0,OnPrem-SQLServer
TS-0000341,EMP-0043,2026-06-26,PRJ-003,Approved,40.0,OnPrem-SQLServer
TS-0000342,EMP-0043,2026-07-03,PRJ-003,Submitted,41.58,OnPrem-SQLServer
TS-0000343,EMP-0043,2026-07-10,PRJ-001,Approved,59.22,OnPrem-SQLServer
TS-0000344,EMP-0043,2026-07-17,PRJ-003,Approved,41.42,OnPrem-SQLServer
TS-0000345,EMP-0043,2026-07-24,PRJ-003,Approved,40.0,OnPrem-SQLServer
TS-0000346,EMP-0043,2026-07-31,PRJ-003,Approved,40.0,OnPrem-SQLServer
TS-0000347,EMP-0044,2026-06-05,PRJ-007,Approved,40.0,OnPrem-SQLServer
TS-0000348,EMP-0044,2026-06-12,PRJ-006,Approved,42.9,OnPrem-SQLServer
TS-0000349,EMP-0044,2026-06-19,PRJ-006,Approved,41.93,OnPrem-SQLServer
TS-0000350,EMP-0044,2026-06-26,PRJ-006,Approved,41.89,OnPrem-SQLServer
TS-0000351,EMP-0044,2026-07-03,PRJ-006,Approved,40.0,OnPrem-SQLServer
TS-0000352,EMP-0044,2026-07-10,PRJ-006,Approved,40.0,OnPrem-SQLServer
TS-0000353,EMP-0044,2026-07-17,PRJ-006,Submitted,40.0,OnPrem-SQLServer
TS-0000354,EMP-0044,2026-07-24,PRJ-006,Submitted,40.0,OnPrem-SQLServer
TS-0000355,EMP-0044,2026-07-31,PRJ-006,Rejected,41.62,OnPrem-SQLServer
TS-0000356,EMP-0045,2026-05-29,PRJ-010,Approved,41.58,OnPrem-SQLServer
TS-0000357,EMP-0045,2026-06-05,PRJ-010,Approved,41.47,OnPrem-SQLServer
TS-0000358,EMP-0045,2026-06-12,PRJ-010,Approved,41.75,OnPrem-SQLServer
TS-0000359,EMP-0045,2026-06-19,PRJ-010,Approved,40.0,OnPrem-SQLServer
TS-0000360,EMP-0045,2026-06-26,PRJ-010,Approved,41.73,OnPrem-SQLServer
TS-0000361,EMP-0045,2026-07-03,PRJ-010,Approved,43.83,OnPrem-SQLServer
TS-0000362,EMP-0045,2026-07-17,PRJ-010,Approved,40.0,OnPrem-SQLServer
TS-0000363,EMP-0045,2026-07-24,PRJ-010,Submitted,40.95,OnPrem-SQLServer
TS-0000364,EMP-0045,2026-07-31,PRJ-010,Approved,40.0,OnPrem-SQLServer
TS-0000365,EMP-0046,2026-06-05,PRJ-006,Approved,41.5,OnPrem-SQLServer
TS-0000366,EMP-0046,2026-06-12,PRJ-006,Approved,40.0,OnPrem-SQLServer
TS-0000367,EMP-0046,2026-06-19,PRJ-006,Approved,40.0,OnPrem-SQLServer
TS-0000368,EMP-0046,2026-06-26,PRJ-006,Submitted,40.0,OnPrem-SQLServer
TS-0000369,EMP-0046,2026-07-03,PRJ-006,Approved,40.0,OnPrem-SQLServer
TS-0000370,EMP-0046,2026-07-10,PRJ-006,Approved,40.0,OnPrem-SQLServer
TS-0000371,EMP-0046,2026-07-17,PRJ-006,Submitted,43.37,OnPrem-SQLServer
TS-0000372,EMP-0046,2026-07-24,PRJ-006,Approved,41.04,OnPrem-SQLServer
TS-0000373,EMP-0046,2026-07-31,PRJ-006,Approved,40.0,OnPrem-SQLServer
TS-0000374,EMP-0048,2026-06-12,PRJ-008,Approved,41.44,OnPrem-SQLServer
TS-0000375,EMP-0048,2026-06-19,PRJ-008,Approved,40.57,OnPrem-SQLServer
TS-0000376,EMP-0048,2026-06-26,PRJ-005,Approved,40.0,OnPrem-SQLServer
TS-0000377,EMP-0048,2026-07-03,PRJ-008,Approved,40.0,OnPrem-SQLServer
TS-0000378,EMP-0048,2026-07-10,PRJ-008,Approved,43.46,OnPrem-SQLServer
TS-0000379,EMP-0048,2026-07-17,PRJ-010,Submitted,43.05,OnPrem-SQLServer
TS-0000380,EMP-0048,2026-07-24,PRJ-008,Approved,41.4,OnPrem-SQLServer
TS-0000381,EMP-0048,2026-07-31,PRJ-008,Approved,41.16,OnPrem-SQLServer
TS-0000382,EMP-0049,2026-05-15,PRJ-003,Approved,40.0,OnPrem-SQLServer
TS-0000383,EMP-0049,2026-05-22,PRJ-003,Submitted,41.25,OnPrem-SQLServer
TS-0000384,EMP-0049,2026-05-29,PRJ-003,Approved,40.0,OnPrem-SQLServer
TS-0000385,EMP-0049,2026-06-05,PRJ-003,Approved,40.87,OnPrem-SQLServer
TS-0000386,EMP-0049,2026-06-12,PRJ-003,Approved,41.39,OnPrem-SQLServer
TS-0000387,EMP-0049,2026-06-19,PRJ-003,Approved,40.76,OnPrem-SQLServer
TS-0000388,EMP-0049,2026-06-26,PRJ-010,Approved,41.6,OnPrem-SQLServer
TS-0000389,EMP-0049,2026-07-03,PRJ-003,Approved,40.0,OnPrem-SQLServer
TS-0000390,EMP-0049,2026-07-10,PRJ-003,Approved,40.0,OnPrem-SQLServer
TS-0000391,EMP-0049,2026-07-17,PRJ-005,Rejected,42.21,OnPrem-SQLServer
TS-0000392,EMP-0049,2026-07-24,PRJ-003,Approved,40.0,OnPrem-SQLServer
TS-0000393,EMP-0050,2026-06-19,PRJ-012,Approved,40.0,OnPrem-SQLServer
TS-0000394,EMP-0050,2026-06-26,PRJ-012,Approved,43.09,OnPrem-SQLServer
TS-0000395,EMP-0050,2026-07-03,PRJ-005,Rejected,40.0,OnPrem-SQLServer
TS-0000396,EMP-0050,2026-07-10,PRJ-010,Approved,43.42,OnPrem-SQLServer
TS-0000397,EMP-0050,2026-07-17,PRJ-012,Approved,41.57,OnPrem-SQLServer
TS-0000398,EMP-0050,2026-07-24,PRJ-012,Approved,43.41,OnPrem-SQLServer
TS-0000399,EMP-0050,2026-07-31,PRJ-012,Approved,41.22,OnPrem-SQLServer
TS-0000400,EMP-0051,2026-05-08,PRJ-010,Approved,40.0,OnPrem-SQLServer
TS-0000401,EMP-0051,2026-05-15,PRJ-010,Approved,41.87,OnPrem-SQLServer
TS-0000402,EMP-0051,2026-05-22,PRJ-010,Approved,40.0,OnPrem-SQLServer
TS-0000403,EMP-0051,2026-05-29,PRJ-010,Approved,41.35,OnPrem-SQLServer
TS-0000404,EMP-0051,2026-06-05,PRJ-008,Approved,41.2,OnPrem-SQLServer
TS-0000405,EMP-0051,2026-06-19,PRJ-010,Approved,40.65,OnPrem-SQLServer
TS-0000406,EMP-0051,2026-06-26,PRJ-010,Approved,40.0,OnPrem-SQLServer
TS-0000407,EMP-0051,2026-07-10,PRJ-010,Approved,40.57,OnPrem-SQLServer
TS-0000408,EMP-0051,2026-07-17,PRJ-007,Approved,41.41,OnPrem-SQLServer
TS-0000409,EMP-0051,2026-07-24,PRJ-010,Approved,41.06,OnPrem-SQLServer
TS-0000410,EMP-0051,2026-07-31,PRJ-010,Submitted,41.32,OnPrem-SQLServer
TS-0000411,EMP-0052,2026-04-17,PRJ-001,Approved,42.98,OnPrem-SQLServer
TS-0000412,EMP-0052,2026-04-24,PRJ-001,Approved,48.55,OnPrem-SQLServer
TS-0000413,EMP-0052,2026-05-01,PRJ-001,Approved,55.5,OnPrem-SQLServer
TS-0000414,EMP-0052,2026-05-08,PRJ-001,Approved,44.45,OnPrem-SQLServer
TS-0000415,EMP-0052,2026-05-15,PRJ-001,Approved,43.85,OnPrem-SQLServer
TS-0000416,EMP-0052,2026-05-22,PRJ-001,Approved,46.4,OnPrem-SQLServer
TS-0000417,EMP-0052,2026-05-29,PRJ-001,Approved,50.9,OnPrem-SQLServer
TS-0000418,EMP-0052,2026-06-05,PRJ-001,Approved,56.58,OnPrem-SQLServer
TS-0000419,EMP-0052,2026-06-12,PRJ-001,Submitted,45.07,OnPrem-SQLServer
TS-0000420,EMP-0052,2026-06-19,PRJ-001,Approved,56.2,OnPrem-SQLServer
TS-0000421,EMP-0052,2026-06-26,PRJ-001,Approved,50.07,OnPrem-SQLServer
TS-0000422,EMP-0052,2026-07-03,PRJ-001,Approved,51.69,OnPrem-SQLServer
TS-0000423,EMP-0052,2026-07-10,PRJ-001,Approved,57.84,OnPrem-SQLServer
TS-0000424,EMP-0052,2026-07-17,PRJ-001,Rejected,54.77,OnPrem-SQLServer
TS-0000425,EMP-0052,2026-07-24,PRJ-001,Approved,47.61,OnPrem-SQLServer
TS-0000426,EMP-0052,2026-07-31,PRJ-001,Approved,42.06,OnPrem-SQLServer
TS-0000427,EMP-0053,2026-05-15,PRJ-009,Approved,40.87,OnPrem-SQLServer
TS-0000428,EMP-0053,2026-05-22,PRJ-002,Approved,40.0,OnPrem-SQLServer
TS-0000429,EMP-0053,2026-05-29,PRJ-009,Approved,40.0,OnPrem-SQLServer
TS-0000430,EMP-0053,2026-06-05,PRJ-009,Approved,40.0,OnPrem-SQLServer
TS-0000431,EMP-0053,2026-06-12,PRJ-009,Approved,40.0,OnPrem-SQLServer
TS-0000432,EMP-0053,2026-06-19,PRJ-003,Submitted,40.97,OnPrem-SQLServer
TS-0000433,EMP-0053,2026-06-26,PRJ-008,Approved,40.0,OnPrem-SQLServer
TS-0000434,EMP-0053,2026-07-03,PRJ-009,Approved,41.19,OnPrem-SQLServer
TS-0000435,EMP-0053,2026-07-10,PRJ-009,Approved,42.58,OnPrem-SQLServer
TS-0000436,EMP-0053,2026-07-17,PRJ-004,Approved,40.0,OnPrem-SQLServer
TS-0000437,EMP-0053,2026-07-24,PRJ-009,Approved,40.0,OnPrem-SQLServer
TS-0000438,EMP-0053,2026-07-31,PRJ-009,Submitted,40.0,OnPrem-SQLServer
TS-0000439,EMP-0054,2026-05-15,PRJ-002,Approved,41.16,OnPrem-SQLServer
TS-0000440,EMP-0054,2026-05-22,PRJ-002,Approved,40.0,OnPrem-SQLServer
TS-0000441,EMP-0054,2026-05-29,PRJ-002,Rejected,40.0,OnPrem-SQLServer
TS-0000442,EMP-0054,2026-06-05,PRJ-002,Approved,40.0,OnPrem-SQLServer
TS-0000443,EMP-0054,2026-06-12,PRJ-002,Approved,41.61,OnPrem-SQLServer
TS-0000444,EMP-0054,2026-06-26,PRJ-002,Approved,42.37,OnPrem-SQLServer
TS-0000445,EMP-0054,2026-07-03,PRJ-002,Approved,40.0,OnPrem-SQLServer
TS-0000446,EMP-0054,2026-07-10,PRJ-002,Approved,40.0,OnPrem-SQLServer
TS-0000447,EMP-0054,2026-07-24,PRJ-002,Approved,41.81,OnPrem-SQLServer
TS-0000448,EMP-0054,2026-07-31,PRJ-002,Approved,40.75,OnPrem-SQLServer
TS-0000449,EMP-0055,2026-05-01,PRJ-007,Approved,40.0,OnPrem-SQLServer
TS-0000450,EMP-0055,2026-05-08,PRJ-007,Submitted,40.0,OnPrem-SQLServer
TS-0000451,EMP-0055,2026-05-15,PRJ-011,Approved,40.67,OnPrem-SQLServer
TS-0000452,EMP-0055,2026-05-22,PRJ-007,Submitted,43.26,OnPrem-SQLServer
TS-0000453,EMP-0055,2026-05-29,PRJ-006,Submitted,40.0,OnPrem-SQLServer
TS-0000454,EMP-0055,2026-06-05,PRJ-007,Approved,41.5,OnPrem-SQLServer
TS-0000455,EMP-0055,2026-06-12,PRJ-007,Approved,40.56,OnPrem-SQLServer
TS-0000456,EMP-0055,2026-06-19,PRJ-007,Submitted,41.46,OnPrem-SQLServer
TS-0000457,EMP-0055,2026-06-26,PRJ-005,Approved,40.0,OnPrem-SQLServer
TS-0000458,EMP-0055,2026-07-03,PRJ-007,Approved,40.0,OnPrem-SQLServer
TS-0000459,EMP-0055,2026-07-10,PRJ-007,Approved,40.0,OnPrem-SQLServer
TS-0000460,EMP-0055,2026-07-17,PRJ-007,Approved,40.96,OnPrem-SQLServer
TS-0000461,EMP-0055,2026-07-24,PRJ-009,Approved,40.0,OnPrem-SQLServer
TS-0000462,EMP-0055,2026-07-31,PRJ-007,Approved,41.68,OnPrem-SQLServer
TS-0000463,EMP-0057,2026-06-12,PRJ-009,Approved,40.0,OnPrem-SQLServer
TS-0000464,EMP-0057,2026-06-19,PRJ-009,Approved,40.0,OnPrem-SQLServer
TS-0000465,EMP-0057,2026-06-26,PRJ-010,Rejected,40.0,OnPrem-SQLServer
TS-0000466,EMP-0057,2026-07-03,PRJ-009,Approved,41.66,OnPrem-SQLServer
TS-0000467,EMP-0057,2026-07-10,PRJ-009,Approved,40.0,OnPrem-SQLServer
TS-0000468,EMP-0057,2026-07-17,PRJ-009,Approved,40.76,OnPrem-SQLServer
TS-0000469,EMP-0057,2026-07-24,PRJ-008,Approved,42.99,OnPrem-SQLServer
TS-0000470,EMP-0057,2026-07-31,PRJ-009,Approved,40.0,OnPrem-SQLServer
TS-0000471,EMP-0058,2026-04-17,PRJ-012,Approved,42.42,OnPrem-SQLServer
TS-0000472,EMP-0058,2026-04-24,PRJ-012,Approved,40.0,OnPrem-SQLServer
TS-0000473,EMP-0058,2026-05-01,PRJ-012,Approved,41.04,OnPrem-SQLServer
TS-0000474,EMP-0058,2026-05-08,PRJ-012,Approved,42.0,OnPrem-SQLServer
TS-0000475,EMP-0058,2026-05-15,PRJ-012,Approved,40.53,OnPrem-SQLServer
TS-0000476,EMP-0058,2026-05-22,PRJ-012,Approved,43.09,OnPrem-SQLServer
TS-0000477,EMP-0058,2026-05-29,PRJ-012,Rejected,40.86,OnPrem-SQLServer
TS-0000478,EMP-0058,2026-06-05,PRJ-003,Approved,40.0,OnPrem-SQLServer
TS-0000479,EMP-0058,2026-06-12,PRJ-012,Approved,40.67,OnPrem-SQLServer
TS-0000480,EMP-0058,2026-06-26,PRJ-012,Submitted,41.64,OnPrem-SQLServer
TS-0000481,EMP-0058,2026-07-03,PRJ-012,Submitted,40.0,OnPrem-SQLServer
TS-0000482,EMP-0058,2026-07-10,PRJ-012,Approved,41.53,OnPrem-SQLServer
TS-0000483,EMP-0058,2026-07-17,PRJ-012,Approved,41.02,OnPrem-SQLServer
TS-0000484,EMP-0058,2026-07-24,PRJ-003,Rejected,40.0,OnPrem-SQLServer
TS-0000485,EMP-0058,2026-07-31,PRJ-012,Approved,42.57,OnPrem-SQLServer
TS-0000486,EMP-0059,2026-05-22,PRJ-001,Approved,52.99,OnPrem-SQLServer
TS-0000487,EMP-0059,2026-05-29,PRJ-001,Approved,48.29,OnPrem-SQLServer
TS-0000488,EMP-0059,2026-06-05,PRJ-001,Approved,51.52,OnPrem-SQLServer
TS-0000489,EMP-0059,2026-06-12,PRJ-001,Rejected,47.8,OnPrem-SQLServer
TS-0000490,EMP-0059,2026-06-19,PRJ-001,Approved,46.91,OnPrem-SQLServer
TS-0000491,EMP-0059,2026-06-26,PRJ-001,Submitted,46.91,OnPrem-SQLServer
TS-0000492,EMP-0059,2026-07-10,PRJ-001,Approved,51.11,OnPrem-SQLServer
TS-0000493,EMP-0059,2026-07-17,PRJ-001,Approved,50.79,OnPrem-SQLServer
TS-0000494,EMP-0059,2026-07-24,PRJ-011,Approved,40.0,OnPrem-SQLServer
TS-0000495,EMP-0059,2026-07-31,PRJ-006,Approved,41.48,OnPrem-SQLServer
TS-0000496,EMP-0060,2026-05-01,PRJ-006,Approved,40.0,OnPrem-SQLServer
TS-0000497,EMP-0060,2026-05-08,PRJ-004,Approved,40.0,OnPrem-SQLServer
TS-0000498,EMP-0060,2026-05-15,PRJ-004,Approved,41.89,OnPrem-SQLServer
TS-0000499,EMP-0060,2026-05-22,PRJ-004,Approved,41.09,OnPrem-SQLServer
TS-0000500,EMP-0060,2026-05-29,PRJ-004,Approved,40.0,OnPrem-SQLServer
TS-0000501,EMP-0060,2026-06-12,PRJ-009,Approved,40.0,OnPrem-SQLServer
TS-0000502,EMP-0060,2026-06-19,PRJ-004,Submitted,40.0,OnPrem-SQLServer
TS-0000503,EMP-0060,2026-06-26,PRJ-004,Approved,40.0,OnPrem-SQLServer
TS-0000504,EMP-0060,2026-07-03,PRJ-004,Approved,41.34,OnPrem-SQLServer
TS-0000505,EMP-0060,2026-07-10,PRJ-004,Approved,41.94,OnPrem-SQLServer
TS-0000506,EMP-0060,2026-07-24,PRJ-004,Approved,44.3,OnPrem-SQLServer
TS-0000507,EMP-0060,2026-07-31,PRJ-004,Approved,40.0,OnPrem-SQLServer
TS-0000508,EMP-0061,2026-05-08,PRJ-009,Approved,40.0,OnPrem-SQLServer
TS-0000509,EMP-0061,2026-05-15,PRJ-009,Approved,41.55,OnPrem-SQLServer
TS-0000510,EMP-0061,2026-05-22,PRJ-009,Approved,42.75,OnPrem-SQLServer
TS-0000511,EMP-0061,2026-05-29,PRJ-009,Approved,40.7,OnPrem-SQLServer
TS-0000512,EMP-0061,2026-06-05,PRJ-009,Approved,41.18,OnPrem-SQLServer
TS-0000513,EMP-0061,2026-06-12,PRJ-009,Approved,41.1,OnPrem-SQLServer
TS-0000514,EMP-0061,2026-06-19,PRJ-009,Approved,41.56,OnPrem-SQLServer
TS-0000515,EMP-0061,2026-06-26,PRJ-009,Approved,40.95,OnPrem-SQLServer
TS-0000516,EMP-0061,2026-07-03,PRJ-009,Submitted,41.01,OnPrem-SQLServer
TS-0000517,EMP-0061,2026-07-10,PRJ-009,Approved,41.98,OnPrem-SQLServer
TS-0000518,EMP-0061,2026-07-17,PRJ-008,Approved,40.85,OnPrem-SQLServer
TS-0000519,EMP-0061,2026-07-24,PRJ-009,Approved,42.33,OnPrem-SQLServer
TS-0000520,EMP-0061,2026-07-31,PRJ-009,Submitted,41.3,OnPrem-SQLServer
TS-0000521,EMP-0063,2026-05-15,PRJ-004,Approved,40.0,OnPrem-SQLServer
TS-0000522,EMP-0063,2026-05-22,PRJ-004,Approved,40.0,OnPrem-SQLServer
TS-0000523,EMP-0063,2026-05-29,PRJ-004,Submitted,40.69,OnPrem-SQLServer
TS-0000524,EMP-0063,2026-06-05,PRJ-004,Approved,40.0,OnPrem-SQLServer
TS-0000525,EMP-0063,2026-06-12,PRJ-004,Approved,40.0,OnPrem-SQLServer
TS-0000526,EMP-0063,2026-06-19,PRJ-004,Submitted,40.0,OnPrem-SQLServer
TS-0000527,EMP-0063,2026-06-26,PRJ-004,Approved,40.0,OnPrem-SQLServer
TS-0000528,EMP-0063,2026-07-03,PRJ-004,Approved,40.0,OnPrem-SQLServer
TS-0000529,EMP-0063,2026-07-10,PRJ-004,Approved,41.47,OnPrem-SQLServer
TS-0000530,EMP-0063,2026-07-17,PRJ-004,Approved,40.0,OnPrem-SQLServer
TS-0000531,EMP-0063,2026-07-24,PRJ-004,Approved,40.0,OnPrem-SQLServer
TS-0000532,EMP-0065,2026-05-29,PRJ-009,Approved,41.77,OnPrem-SQLServer
TS-0000533,EMP-0065,2026-06-05,PRJ-006,Approved,40.0,OnPrem-SQLServer
TS-0000534,EMP-0065,2026-06-12,PRJ-009,Submitted,41.51,OnPrem-SQLServer
TS-0000535,EMP-0065,2026-06-19,PRJ-009,Approved,41.4,OnPrem-SQLServer
TS-0000536,EMP-0065,2026-06-26,PRJ-009,Approved,40.0,OnPrem-SQLServer
TS-0000537,EMP-0065,2026-07-03,PRJ-009,Approved,40.0,OnPrem-SQLServer
TS-0000538,EMP-0065,2026-07-10,PRJ-009,Approved,42.26,OnPrem-SQLServer
TS-0000539,EMP-0065,2026-07-17,PRJ-009,Approved,40.0,OnPrem-SQLServer
TS-0000540,EMP-0065,2026-07-24,PRJ-009,Approved,40.86,OnPrem-SQLServer
TS-0000541,EMP-0066,2026-05-08,PRJ-003,Approved,41.56,OnPrem-SQLServer
TS-0000542,EMP-0066,2026-05-15,PRJ-003,Approved,42.84,OnPrem-SQLServer
TS-0000543,EMP-0066,2026-05-22,PRJ-007,Submitted,40.0,OnPrem-SQLServer
TS-0000544,EMP-0066,2026-05-29,PRJ-003,Submitted,42.18,OnPrem-SQLServer
TS-0000545,EMP-0066,2026-06-05,PRJ-003,Approved,40.0,OnPrem-SQLServer
TS-0000546,EMP-0066,2026-06-12,PRJ-003,Approved,41.48,OnPrem-SQLServer
TS-0000547,EMP-0066,2026-06-19,PRJ-003,Approved,40.0,OnPrem-SQLServer
TS-0000548,EMP-0066,2026-06-26,PRJ-003,Approved,40.0,OnPrem-SQLServer
TS-0000549,EMP-0066,2026-07-03,PRJ-007,Approved,41.16,OnPrem-SQLServer
TS-0000550,EMP-0066,2026-07-10,PRJ-003,Approved,41.42,OnPrem-SQLServer
TS-0000551,EMP-0066,2026-07-17,PRJ-003,Approved,40.58,OnPrem-SQLServer
TS-0000552,EMP-0066,2026-07-24,PRJ-003,Submitted,40.99,OnPrem-SQLServer
TS-0000553,EMP-0066,2026-07-31,PRJ-003,Approved,42.6,OnPrem-SQLServer
TS-0000554,EMP-0067,2026-05-29,PRJ-001,Approved,52.02,OnPrem-SQLServer
TS-0000555,EMP-0067,2026-06-05,PRJ-002,Approved,40.0,OnPrem-SQLServer
TS-0000556,EMP-0067,2026-06-12,PRJ-002,Approved,40.0,OnPrem-SQLServer
TS-0000557,EMP-0067,2026-06-19,PRJ-002,Approved,40.0,OnPrem-SQLServer
TS-0000558,EMP-0067,2026-06-26,PRJ-002,Approved,42.17,OnPrem-SQLServer
TS-0000559,EMP-0067,2026-07-03,PRJ-006,Approved,40.0,OnPrem-SQLServer
TS-0000560,EMP-0067,2026-07-10,PRJ-002,Approved,40.0,OnPrem-SQLServer
TS-0000561,EMP-0067,2026-07-24,PRJ-002,Approved,40.0,OnPrem-SQLServer
TS-0000562,EMP-0067,2026-07-31,PRJ-010,Approved,40.0,OnPrem-SQLServer
TS-0000563,EMP-0068,2026-05-22,PRJ-007,Approved,42.04,OnPrem-SQLServer
TS-0000564,EMP-0068,2026-05-29,PRJ-007,Approved,41.83,OnPrem-SQLServer
TS-0000565,EMP-0068,2026-06-05,PRJ-007,Submitted,40.0,OnPrem-SQLServer
TS-0000566,EMP-0068,2026-06-12,PRJ-007,Approved,40.0,OnPrem-SQLServer
TS-0000567,EMP-0068,2026-06-19,PRJ-008,Approved,40.0,OnPrem-SQLServer
TS-0000568,EMP-0068,2026-06-26,PRJ-007,Rejected,41.32,OnPrem-SQLServer
TS-0000569,EMP-0068,2026-07-03,PRJ-007,Approved,40.92,OnPrem-SQLServer
TS-0000570,EMP-0068,2026-07-10,PRJ-007,Approved,41.44,OnPrem-SQLServer
TS-0000571,EMP-0068,2026-07-17,PRJ-007,Approved,40.0,OnPrem-SQLServer
TS-0000572,EMP-0068,2026-07-24,PRJ-007,Approved,43.1,OnPrem-SQLServer
TS-0000573,EMP-0068,2026-07-31,PRJ-007,Rejected,41.39,OnPrem-SQLServer
TS-0000574,EMP-0069,2026-06-12,PRJ-009,Rejected,40.0,OnPrem-SQLServer
TS-0000575,EMP-0069,2026-06-19,PRJ-009,Approved,42.32,OnPrem-SQLServer
TS-0000576,EMP-0069,2026-06-26,PRJ-009,Approved,41.14,OnPrem-SQLServer
TS-0000577,EMP-0069,2026-07-03,PRJ-002,Approved,40.0,OnPrem-SQLServer
TS-0000578,EMP-0069,2026-07-10,PRJ-006,Approved,40.0,OnPrem-SQLServer
TS-0000579,EMP-0069,2026-07-17,PRJ-009,Approved,40.0,OnPrem-SQLServer
TS-0000580,EMP-0069,2026-07-24,PRJ-009,Approved,40.0,OnPrem-SQLServer
TS-0000581,EMP-0069,2026-07-31,PRJ-011,Approved,41.49,OnPrem-SQLServer
TS-0000582,EMP-0070,2026-05-08,PRJ-003,Approved,40.0,OnPrem-SQLServer
TS-0000583,EMP-0070,2026-05-15,PRJ-003,Approved,40.0,OnPrem-SQLServer
TS-0000584,EMP-0070,2026-05-29,PRJ-003,Approved,42.88,OnPrem-SQLServer
TS-0000585,EMP-0070,2026-06-05,PRJ-003,Approved,40.0,OnPrem-SQLServer
TS-0000586,EMP-0070,2026-06-12,PRJ-003,Approved,41.18,OnPrem-SQLServer
TS-0000587,EMP-0070,2026-06-19,PRJ-004,Submitted,43.25,OnPrem-SQLServer
TS-0000588,EMP-0070,2026-06-26,PRJ-003,Submitted,42.02,OnPrem-SQLServer
TS-0000589,EMP-0070,2026-07-03,PRJ-003,Approved,40.0,OnPrem-SQLServer
TS-0000590,EMP-0070,2026-07-10,PRJ-003,Approved,40.0,OnPrem-SQLServer
TS-0000591,EMP-0070,2026-07-17,PRJ-003,Approved,40.0,OnPrem-SQLServer
TS-0000592,EMP-0070,2026-07-24,PRJ-003,Approved,40.0,OnPrem-SQLServer
TS-0000593,EMP-0070,2026-07-31,PRJ-003,Approved,40.0,OnPrem-SQLServer
TS-0000594,EMP-0071,2026-06-19,PRJ-011,Rejected,40.0,OnPrem-SQLServer
TS-0000595,EMP-0071,2026-06-26,PRJ-011,Approved,41.75,OnPrem-SQLServer
TS-0000596,EMP-0071,2026-07-03,PRJ-011,Approved,40.0,OnPrem-SQLServer
TS-0000597,EMP-0071,2026-07-10,PRJ-001,Approved,53.21,OnPrem-SQLServer
TS-0000598,EMP-0071,2026-07-17,PRJ-011,Approved,44.49,OnPrem-SQLServer
TS-0000599,EMP-0071,2026-07-24,PRJ-011,Approved,40.52,OnPrem-SQLServer
TS-0000600,EMP-0071,2026-07-31,PRJ-011,Approved,40.0,OnPrem-SQLServer
TS-0000601,EMP-0073,2026-04-17,PRJ-011,Approved,40.0,OnPrem-SQLServer
TS-0000602,EMP-0073,2026-04-24,PRJ-011,Approved,40.0,OnPrem-SQLServer
TS-0000603,EMP-0073,2026-05-01,PRJ-011,Approved,40.0,OnPrem-SQLServer
TS-0000604,EMP-0073,2026-05-08,PRJ-011,Approved,41.11,OnPrem-SQLServer
TS-0000605,EMP-0073,2026-05-15,PRJ-011,Approved,41.95,OnPrem-SQLServer
TS-0000606,EMP-0073,2026-05-22,PRJ-002,Submitted,40.0,OnPrem-SQLServer
TS-0000607,EMP-0073,2026-05-29,PRJ-011,Submitted,41.83,OnPrem-SQLServer
TS-0000608,EMP-0073,2026-06-05,PRJ-011,Approved,41.09,OnPrem-SQLServer
TS-0000609,EMP-0073,2026-06-19,PRJ-002,Approved,40.0,OnPrem-SQLServer
TS-0000610,EMP-0073,2026-06-26,PRJ-011,Approved,40.0,OnPrem-SQLServer
TS-0000611,EMP-0073,2026-07-03,PRJ-012,Approved,40.0,OnPrem-SQLServer
TS-0000612,EMP-0073,2026-07-17,PRJ-011,Approved,40.0,OnPrem-SQLServer
TS-0000613,EMP-0073,2026-07-24,PRJ-002,Approved,40.0,OnPrem-SQLServer
TS-0000614,EMP-0073,2026-07-31,PRJ-011,Approved,41.51,OnPrem-SQLServer
TS-0000615,EMP-0074,2026-06-05,PRJ-001,Approved,50.62,OnPrem-SQLServer
TS-0000616,EMP-0074,2026-06-12,PRJ-001,Approved,54.31,OnPrem-SQLServer
TS-0000617,EMP-0074,2026-06-26,PRJ-007,Approved,40.0,OnPrem-SQLServer
TS-0000618,EMP-0074,2026-07-03,PRJ-001,Approved,56.86,OnPrem-SQLServer
TS-0000619,EMP-0074,2026-07-17,PRJ-001,Approved,52.73,OnPrem-SQLServer
TS-0000620,EMP-0074,2026-07-24,PRJ-001,Approved,55.34,OnPrem-SQLServer
TS-0000621,EMP-0074,2026-07-31,PRJ-002,Submitted,41.39,OnPrem-SQLServer
TS-0000622,EMP-0075,2026-05-29,PRJ-005,Submitted,40.0,OnPrem-SQLServer
TS-0000623,EMP-0075,2026-06-05,PRJ-011,Approved,41.49,OnPrem-SQLServer
TS-0000624,EMP-0075,2026-06-12,PRJ-004,Rejected,41.61,OnPrem-SQLServer
TS-0000625,EMP-0075,2026-06-19,PRJ-004,Approved,40.0,OnPrem-SQLServer
TS-0000626,EMP-0075,2026-06-26,PRJ-004,Approved,40.0,OnPrem-SQLServer
TS-0000627,EMP-0075,2026-07-03,PRJ-006,Approved,41.33,OnPrem-SQLServer
TS-0000628,EMP-0075,2026-07-17,PRJ-004,Rejected,40.0,OnPrem-SQLServer
TS-0000629,EMP-0075,2026-07-24,PRJ-004,Approved,41.03,OnPrem-SQLServer
TS-0000630,EMP-0075,2026-07-31,PRJ-004,Submitted,40.7,OnPrem-SQLServer
TS-0000631,EMP-0076,2026-05-29,PRJ-009,Approved,40.8,OnPrem-SQLServer
TS-0000632,EMP-0076,2026-06-05,PRJ-007,Approved,40.69,OnPrem-SQLServer
TS-0000633,EMP-0076,2026-06-12,PRJ-012,Rejected,40.0,OnPrem-SQLServer
TS-0000634,EMP-0076,2026-06-19,PRJ-007,Approved,40.0,OnPrem-SQLServer
TS-0000635,EMP-0076,2026-06-26,PRJ-012,Approved,40.0,OnPrem-SQLServer
TS-0000636,EMP-0076,2026-07-03,PRJ-007,Approved,40.0,OnPrem-SQLServer
TS-0000637,EMP-0076,2026-07-10,PRJ-007,Approved,40.0,OnPrem-SQLServer
TS-0000638,EMP-0076,2026-07-17,PRJ-007,Submitted,40.0,OnPrem-SQLServer
TS-0000639,EMP-0076,2026-07-24,PRJ-007,Approved,40.88,OnPrem-SQLServer
TS-0000640,EMP-0076,2026-07-31,PRJ-012,Approved,40.0,OnPrem-SQLServer
TS-0000641,EMP-0077,2026-05-22,PRJ-006,Approved,41.48,OnPrem-SQLServer
TS-0000642,EMP-0077,2026-05-29,PRJ-010,Approved,40.0,OnPrem-SQLServer
TS-0000643,EMP-0077,2026-06-05,PRJ-006,Approved,42.15,OnPrem-SQLServer
TS-0000644,EMP-0077,2026-06-12,PRJ-006,Approved,41.37,OnPrem-SQLServer
TS-0000645,EMP-0077,2026-06-19,PRJ-006,Approved,43.16,OnPrem-SQLServer
TS-0000646,EMP-0077,2026-06-26,PRJ-006,Approved,40.0,OnPrem-SQLServer
TS-0000647,EMP-0077,2026-07-03,PRJ-006,Approved,40.0,OnPrem-SQLServer
TS-0000648,EMP-0077,2026-07-10,PRJ-006,Approved,40.0,OnPrem-SQLServer
TS-0000649,EMP-0077,2026-07-17,PRJ-006,Submitted,40.0,OnPrem-SQLServer
TS-0000650,EMP-0077,2026-07-24,PRJ-006,Approved,40.0,OnPrem-SQLServer
TS-0000651,EMP-0077,2026-07-31,PRJ-006,Approved,41.56,OnPrem-SQLServer
TS-0000652,EMP-0078,2026-06-12,PRJ-007,Approved,40.83,OnPrem-SQLServer
TS-0000653,EMP-0078,2026-06-19,PRJ-004,Approved,40.0,OnPrem-SQLServer
TS-0000654,EMP-0078,2026-06-26,PRJ-004,Approved,41.87,OnPrem-SQLServer
TS-0000655,EMP-0078,2026-07-03,PRJ-004,Submitted,40.0,OnPrem-SQLServer
TS-0000656,EMP-0078,2026-07-10,PRJ-004,Approved,40.81,OnPrem-SQLServer
TS-0000657,EMP-0078,2026-07-17,PRJ-004,Approved,40.54,OnPrem-SQLServer
TS-0000658,EMP-0078,2026-07-24,PRJ-004,Approved,42.08,OnPrem-SQLServer
TS-0000659,EMP-0078,2026-07-31,PRJ-004,Approved,40.84,OnPrem-SQLServer
TS-0000660,EMP-0079,2026-06-19,PRJ-007,Approved,40.0,OnPrem-SQLServer
TS-0000661,EMP-0079,2026-06-26,PRJ-007,Submitted,40.0,OnPrem-SQLServer
TS-0000662,EMP-0079,2026-07-03,PRJ-007,Approved,42.1,OnPrem-SQLServer
TS-0000663,EMP-0079,2026-07-10,PRJ-007,Approved,40.0,OnPrem-SQLServer
TS-0000664,EMP-0079,2026-07-17,PRJ-007,Approved,40.72,OnPrem-SQLServer
TS-0000665,EMP-0079,2026-07-24,PRJ-007,Approved,40.75,OnPrem-SQLServer
TS-0000666,EMP-0079,2026-07-31,PRJ-007,Approved,40.0,OnPrem-SQLServer
TS-0000667,EMP-0080,2026-06-19,PRJ-012,Approved,40.79,OnPrem-SQLServer
TS-0000668,EMP-0080,2026-06-26,PRJ-012,Submitted,40.0,OnPrem-SQLServer
TS-0000669,EMP-0080,2026-07-03,PRJ-012,Approved,42.22,OnPrem-SQLServer
TS-0000670,EMP-0080,2026-07-10,PRJ-012,Approved,41.57,OnPrem-SQLServer
TS-0000671,EMP-0080,2026-07-17,PRJ-012,Submitted,41.06,OnPrem-SQLServer
TS-0000672,EMP-0080,2026-07-24,PRJ-012,Approved,40.0,OnPrem-SQLServer
TS-0000673,EMP-0080,2026-07-31,PRJ-012,Approved,40.0,OnPrem-SQLServer
TS-0000674,EMP-0082,2026-05-29,PRJ-004,Approved,44.33,OnPrem-SQLServer
TS-0000675,EMP-0082,2026-06-05,PRJ-004,Approved,40.0,OnPrem-SQLServer
TS-0000676,EMP-0082,2026-06-12,PRJ-010,Approved,40.0,OnPrem-SQLServer
TS-0000677,EMP-0082,2026-06-19,PRJ-004,Approved,40.78,OnPrem-SQLServer
TS-0000678,EMP-0082,2026-06-26,PRJ-004,Approved,40.0,OnPrem-SQLServer
TS-0000679,EMP-0082,2026-07-03,PRJ-004,Approved,42.5,OnPrem-SQLServer
TS-0000680,EMP-0082,2026-07-10,PRJ-004,Approved,41.1,OnPrem-SQLServer
TS-0000681,EMP-0082,2026-07-17,PRJ-004,Approved,40.0,OnPrem-SQLServer
TS-0000682,EMP-0082,2026-07-24,PRJ-004,Approved,41.14,OnPrem-SQLServer
TS-0000683,EMP-0082,2026-07-31,PRJ-004,Approved,40.0,OnPrem-SQLServer
TS-0000684,EMP-0084,2026-04-24,PRJ-003,Approved,40.0,OnPrem-SQLServer
TS-0000685,EMP-0084,2026-05-01,PRJ-003,Submitted,40.0,OnPrem-SQLServer
TS-0000686,EMP-0084,2026-05-08,PRJ-003,Approved,40.84,OnPrem-SQLServer
TS-0000687,EMP-0084,2026-05-15,PRJ-003,Approved,40.0,OnPrem-SQLServer
TS-0000688,EMP-0084,2026-05-22,PRJ-003,Approved,40.0,OnPrem-SQLServer
TS-0000689,EMP-0084,2026-05-29,PRJ-004,Approved,41.67,OnPrem-SQLServer
TS-0000690,EMP-0084,2026-06-05,PRJ-003,Approved,40.0,OnPrem-SQLServer
TS-0000691,EMP-0084,2026-06-12,PRJ-003,Approved,40.0,OnPrem-SQLServer
TS-0000692,EMP-0084,2026-06-19,PRJ-003,Rejected,40.0,OnPrem-SQLServer
TS-0000693,EMP-0084,2026-06-26,PRJ-003,Approved,40.88,OnPrem-SQLServer
TS-0000694,EMP-0084,2026-07-03,PRJ-003,Approved,40.0,OnPrem-SQLServer
TS-0000695,EMP-0084,2026-07-10,PRJ-007,Approved,40.0,OnPrem-SQLServer
TS-0000696,EMP-0084,2026-07-17,PRJ-003,Approved,41.43,OnPrem-SQLServer
TS-0000697,EMP-0084,2026-07-24,PRJ-006,Approved,42.83,OnPrem-SQLServer
TS-0000698,EMP-0084,2026-07-31,PRJ-003,Approved,42.28,OnPrem-SQLServer
TS-0000699,EMP-0085,2026-04-17,PRJ-009,Approved,43.84,OnPrem-SQLServer
TS-0000700,EMP-0085,2026-04-24,PRJ-009,Approved,40.0,OnPrem-SQLServer
TS-0000701,EMP-0085,2026-05-01,PRJ-009,Approved,40.0,OnPrem-SQLServer
TS-0000702,EMP-0085,2026-05-08,PRJ-009,Approved,40.73,OnPrem-SQLServer
TS-0000703,EMP-0085,2026-05-15,PRJ-009,Approved,40.0,OnPrem-SQLServer
TS-0000704,EMP-0085,2026-06-05,PRJ-009,Approved,41.69,OnPrem-SQLServer
TS-0000705,EMP-0085,2026-06-12,PRJ-009,Submitted,40.0,OnPrem-SQLServer
TS-0000706,EMP-0085,2026-06-19,PRJ-009,Approved,40.71,OnPrem-SQLServer
TS-0000707,EMP-0085,2026-06-26,PRJ-001,Submitted,54.43,OnPrem-SQLServer
TS-0000708,EMP-0085,2026-07-03,PRJ-009,Approved,41.22,OnPrem-SQLServer
TS-0000709,EMP-0085,2026-07-10,PRJ-009,Rejected,40.0,OnPrem-SQLServer
TS-0000710,EMP-0085,2026-07-17,PRJ-009,Approved,41.63,OnPrem-SQLServer
TS-0000711,EMP-0085,2026-07-24,PRJ-003,Approved,41.63,OnPrem-SQLServer
TS-0000712,EMP-0085,2026-07-31,PRJ-009,Approved,41.24,OnPrem-SQLServer
TS-0000713,EMP-0086,2026-05-08,PRJ-007,Submitted,40.82,OnPrem-SQLServer
TS-0000714,EMP-0086,2026-05-15,PRJ-007,Approved,41.68,OnPrem-SQLServer
TS-0000715,EMP-0086,2026-05-29,PRJ-007,Rejected,41.99,OnPrem-SQLServer
TS-0000716,EMP-0086,2026-06-05,PRJ-007,Approved,40.0,OnPrem-SQLServer
TS-0000717,EMP-0086,2026-06-12,PRJ-007,Approved,41.41,OnPrem-SQLServer
TS-0000718,EMP-0086,2026-06-19,PRJ-007,Approved,41.09,OnPrem-SQLServer
TS-0000719,EMP-0086,2026-06-26,PRJ-004,Approved,40.0,OnPrem-SQLServer
TS-0000720,EMP-0086,2026-07-03,PRJ-007,Submitted,40.0,OnPrem-SQLServer
TS-0000721,EMP-0086,2026-07-10,PRJ-007,Approved,40.77,OnPrem-SQLServer
TS-0000722,EMP-0086,2026-07-17,PRJ-007,Approved,40.0,OnPrem-SQLServer
TS-0000723,EMP-0086,2026-07-24,PRJ-007,Approved,41.18,OnPrem-SQLServer
TS-0000724,EMP-0086,2026-07-31,PRJ-007,Submitted,40.85,OnPrem-SQLServer
TS-0000725,EMP-0087,2026-06-12,PRJ-009,Approved,40.0,OnPrem-SQLServer
TS-0000726,EMP-0087,2026-06-19,PRJ-009,Approved,40.0,OnPrem-SQLServer
TS-0000727,EMP-0087,2026-06-26,PRJ-010,Approved,40.77,OnPrem-SQLServer
TS-0000728,EMP-0087,2026-07-03,PRJ-009,Approved,40.0,OnPrem-SQLServer
TS-0000729,EMP-0087,2026-07-10,PRJ-009,Approved,45.01,OnPrem-SQLServer
TS-0000730,EMP-0087,2026-07-17,PRJ-009,Submitted,42.84,OnPrem-SQLServer
TS-0000731,EMP-0087,2026-07-24,PRJ-009,Approved,42.22,OnPrem-SQLServer
TS-0000732,EMP-0088,2026-04-24,PRJ-008,Submitted,40.0,OnPrem-SQLServer
TS-0000733,EMP-0088,2026-05-01,PRJ-008,Approved,42.6,OnPrem-SQLServer
TS-0000734,EMP-0088,2026-05-08,PRJ-008,Approved,41.77,OnPrem-SQLServer
TS-0000735,EMP-0088,2026-05-15,PRJ-008,Approved,41.03,OnPrem-SQLServer
TS-0000736,EMP-0088,2026-05-22,PRJ-008,Approved,40.0,OnPrem-SQLServer
TS-0000737,EMP-0088,2026-05-29,PRJ-008,Approved,41.65,OnPrem-SQLServer
TS-0000738,EMP-0088,2026-06-05,PRJ-008,Approved,40.71,OnPrem-SQLServer
TS-0000739,EMP-0088,2026-06-12,PRJ-008,Approved,40.79,OnPrem-SQLServer
TS-0000740,EMP-0088,2026-06-19,PRJ-008,Approved,40.0,OnPrem-SQLServer
TS-0000741,EMP-0088,2026-06-26,PRJ-008,Submitted,40.72,OnPrem-SQLServer
TS-0000742,EMP-0088,2026-07-03,PRJ-008,Approved,41.59,OnPrem-SQLServer
TS-0000743,EMP-0088,2026-07-10,PRJ-008,Approved,40.0,OnPrem-SQLServer
TS-0000744,EMP-0088,2026-07-17,PRJ-008,Approved,40.0,OnPrem-SQLServer
TS-0000745,EMP-0088,2026-07-24,PRJ-008,Approved,41.23,OnPrem-SQLServer
TS-0000746,EMP-0089,2026-04-24,PRJ-010,Approved,40.0,OnPrem-SQLServer
TS-0000747,EMP-0089,2026-05-01,PRJ-010,Approved,41.15,OnPrem-SQLServer
TS-0000748,EMP-0089,2026-05-08,PRJ-010,Submitted,42.64,OnPrem-SQLServer
TS-0000749,EMP-0089,2026-05-15,PRJ-007,Approved,40.0,OnPrem-SQLServer
TS-0000750,EMP-0089,2026-05-22,PRJ-010,Approved,40.0,OnPrem-SQLServer
TS-0000751,EMP-0089,2026-05-29,PRJ-010,Approved,40.0,OnPrem-SQLServer
TS-0000752,EMP-0089,2026-06-05,PRJ-010,Approved,40.0,OnPrem-SQLServer
TS-0000753,EMP-0089,2026-06-12,PRJ-001,Approved,55.01,OnPrem-SQLServer
TS-0000754,EMP-0089,2026-06-19,PRJ-010,Approved,40.0,OnPrem-SQLServer
TS-0000755,EMP-0089,2026-06-26,PRJ-010,Approved,41.14,OnPrem-SQLServer
TS-0000756,EMP-0089,2026-07-03,PRJ-010,Approved,45.42,OnPrem-SQLServer
TS-0000757,EMP-0089,2026-07-10,PRJ-010,Approved,40.59,OnPrem-SQLServer
TS-0000758,EMP-0089,2026-07-17,PRJ-006,Approved,41.21,OnPrem-SQLServer
TS-0000759,EMP-0089,2026-07-24,PRJ-010,Approved,40.0,OnPrem-SQLServer
TS-0000760,EMP-0089,2026-07-31,PRJ-010,Approved,40.53,OnPrem-SQLServer
TS-0000761,EMP-0090,2026-04-24,PRJ-009,Submitted,42.38,OnPrem-SQLServer
TS-0000762,EMP-0090,2026-05-01,PRJ-009,Approved,40.0,OnPrem-SQLServer
TS-0000763,EMP-0090,2026-05-08,PRJ-009,Rejected,40.0,OnPrem-SQLServer
TS-0000764,EMP-0090,2026-05-15,PRJ-009,Rejected,41.4,OnPrem-SQLServer
TS-0000765,EMP-0090,2026-05-22,PRJ-009,Approved,40.0,OnPrem-SQLServer
TS-0000766,EMP-0090,2026-05-29,PRJ-009,Approved,40.0,OnPrem-SQLServer
TS-0000767,EMP-0090,2026-06-19,PRJ-009,Approved,40.0,OnPrem-SQLServer
TS-0000768,EMP-0090,2026-06-26,PRJ-009,Submitted,40.0,OnPrem-SQLServer
TS-0000769,EMP-0090,2026-07-03,PRJ-009,Approved,42.69,OnPrem-SQLServer
TS-0000770,EMP-0090,2026-07-17,PRJ-009,Submitted,40.57,OnPrem-SQLServer
TS-0000771,EMP-0090,2026-07-24,PRJ-009,Approved,40.83,OnPrem-SQLServer
TS-0000772,EMP-0090,2026-07-31,PRJ-009,Approved,40.93,OnPrem-SQLServer
TS-0000773,EMP-0091,2026-06-05,PRJ-008,Approved,40.83,OnPrem-SQLServer
TS-0000774,EMP-0091,2026-06-12,PRJ-006,Approved,40.0,OnPrem-SQLServer
TS-0000775,EMP-0091,2026-06-19,PRJ-008,Approved,43.16,OnPrem-SQLServer
TS-0000776,EMP-0091,2026-06-26,PRJ-008,Approved,40.0,OnPrem-SQLServer
TS-0000777,EMP-0091,2026-07-03,PRJ-006,Approved,40.7,OnPrem-SQLServer
TS-0000778,EMP-0091,2026-07-10,PRJ-008,Approved,40.0,OnPrem-SQLServer
TS-0000779,EMP-0091,2026-07-17,PRJ-008,Approved,40.0,OnPrem-SQLServer
TS-0000780,EMP-0091,2026-07-24,PRJ-008,Approved,40.0,OnPrem-SQLServer
TS-0000781,EMP-0091,2026-07-31,PRJ-008,Approved,41.7,OnPrem-SQLServer
TS-0000782,EMP-0092,2026-05-15,PRJ-006,Approved,40.81,OnPrem-SQLServer
TS-0000783,EMP-0092,2026-05-22,PRJ-006,Rejected,40.8,OnPrem-SQLServer
TS-0000784,EMP-0092,2026-05-29,PRJ-006,Approved,41.53,OnPrem-SQLServer
TS-0000785,EMP-0092,2026-06-05,PRJ-006,Submitted,41.32,OnPrem-SQLServer
TS-0000786,EMP-0092,2026-06-12,PRJ-006,Approved,41.97,OnPrem-SQLServer
TS-0000787,EMP-0092,2026-06-19,PRJ-006,Approved,40.0,OnPrem-SQLServer
TS-0000788,EMP-0092,2026-06-26,PRJ-006,Approved,40.0,OnPrem-SQLServer
TS-0000789,EMP-0092,2026-07-03,PRJ-006,Approved,41.37,OnPrem-SQLServer
TS-0000790,EMP-0092,2026-07-10,PRJ-006,Approved,40.69,OnPrem-SQLServer
TS-0000791,EMP-0092,2026-07-17,PRJ-006,Approved,40.0,OnPrem-SQLServer
TS-0000792,EMP-0092,2026-07-24,PRJ-006,Approved,41.73,OnPrem-SQLServer
TS-0000793,EMP-0092,2026-07-31,PRJ-006,Approved,40.0,OnPrem-SQLServer
TS-0000794,EMP-0093,2026-04-24,PRJ-006,Approved,40.0,OnPrem-SQLServer
TS-0000795,EMP-0093,2026-05-01,PRJ-006,Rejected,40.71,OnPrem-SQLServer
TS-0000796,EMP-0093,2026-05-08,PRJ-006,Approved,41.43,OnPrem-SQLServer
TS-0000797,EMP-0093,2026-05-15,PRJ-006,Submitted,40.57,OnPrem-SQLServer
TS-0000798,EMP-0093,2026-05-22,PRJ-006,Approved,41.22,OnPrem-SQLServer
TS-0000799,EMP-0093,2026-06-05,PRJ-006,Approved,40.67,OnPrem-SQLServer
TS-0000800,EMP-0093,2026-06-12,PRJ-006,Approved,43.35,OnPrem-SQLServer
TS-0000801,EMP-0093,2026-06-19,PRJ-006,Approved,40.0,OnPrem-SQLServer
TS-0000802,EMP-0093,2026-06-26,PRJ-006,Rejected,40.0,OnPrem-SQLServer
TS-0000803,EMP-0093,2026-07-03,PRJ-006,Approved,40.0,OnPrem-SQLServer
TS-0000804,EMP-0093,2026-07-10,PRJ-006,Submitted,40.92,OnPrem-SQLServer
TS-0000805,EMP-0093,2026-07-17,PRJ-007,Approved,40.0,OnPrem-SQLServer
TS-0000806,EMP-0093,2026-07-24,PRJ-008,Approved,40.0,OnPrem-SQLServer
TS-0000807,EMP-0093,2026-07-31,PRJ-006,Submitted,40.0,OnPrem-SQLServer
TS-0000808,EMP-0094,2026-06-05,PRJ-004,Approved,41.72,OnPrem-SQLServer
TS-0000809,EMP-0094,2026-06-12,PRJ-004,Approved,41.3,OnPrem-SQLServer
TS-0000810,EMP-0094,2026-06-19,PRJ-004,Approved,41.63,OnPrem-SQLServer
TS-0000811,EMP-0094,2026-06-26,PRJ-004,Rejected,40.0,OnPrem-SQLServer
TS-0000812,EMP-0094,2026-07-03,PRJ-004,Submitted,40.0,OnPrem-SQLServer
TS-0000813,EMP-0094,2026-07-10,PRJ-004,Approved,40.0,OnPrem-SQLServer
TS-0000814,EMP-0094,2026-07-17,PRJ-004,Approved,40.83,OnPrem-SQLServer
TS-0000815,EMP-0094,2026-07-24,PRJ-004,Approved,41.48,OnPrem-SQLServer
TS-0000816,EMP-0094,2026-07-31,PRJ-005,Approved,40.72,OnPrem-SQLServer
TS-0000817,EMP-0095,2026-05-15,PRJ-006,Approved,40.0,OnPrem-SQLServer
TS-0000818,EMP-0095,2026-05-22,PRJ-012,Approved,40.0,OnPrem-SQLServer
TS-0000819,EMP-0095,2026-05-29,PRJ-006,Approved,41.07,OnPrem-SQLServer
TS-0000820,EMP-0095,2026-06-05,PRJ-003,Approved,40.59,OnPrem-SQLServer
TS-0000821,EMP-0095,2026-06-19,PRJ-006,Approved,40.97,OnPrem-SQLServer
TS-0000822,EMP-0095,2026-06-26,PRJ-006,Approved,42.44,OnPrem-SQLServer
TS-0000823,EMP-0095,2026-07-10,PRJ-006,Approved,40.0,OnPrem-SQLServer
TS-0000824,EMP-0095,2026-07-17,PRJ-009,Approved,40.0,OnPrem-SQLServer
TS-0000825,EMP-0095,2026-07-24,PRJ-006,Approved,40.0,OnPrem-SQLServer
TS-0000826,EMP-0095,2026-07-31,PRJ-006,Approved,41.85,OnPrem-SQLServer
TS-0000827,EMP-0096,2026-05-15,PRJ-008,Approved,40.0,OnPrem-SQLServer
TS-0000828,EMP-0096,2026-05-22,PRJ-008,Approved,40.0,OnPrem-SQLServer
TS-0000829,EMP-0096,2026-05-29,PRJ-008,Approved,41.06,OnPrem-SQLServer
TS-0000830,EMP-0096,2026-06-05,PRJ-008,Approved,40.0,OnPrem-SQLServer
TS-0000831,EMP-0096,2026-06-12,PRJ-008,Approved,40.0,OnPrem-SQLServer
TS-0000832,EMP-0096,2026-06-19,PRJ-006,Approved,40.0,OnPrem-SQLServer
TS-0000833,EMP-0096,2026-06-26,PRJ-008,Approved,40.0,OnPrem-SQLServer
TS-0000834,EMP-0096,2026-07-03,PRJ-008,Approved,41.86,OnPrem-SQLServer
TS-0000835,EMP-0096,2026-07-10,PRJ-008,Approved,44.87,OnPrem-SQLServer
TS-0000836,EMP-0096,2026-07-17,PRJ-008,Submitted,40.0,OnPrem-SQLServer
TS-0000837,EMP-0096,2026-07-24,PRJ-008,Submitted,40.0,OnPrem-SQLServer
TS-0000838,EMP-0096,2026-07-31,PRJ-007,Submitted,41.94,OnPrem-SQLServer
TS-0000839,EMP-0097,2026-05-15,PRJ-009,Approved,40.0,OnPrem-SQLServer
TS-0000840,EMP-0097,2026-05-29,PRJ-009,Approved,40.7,OnPrem-SQLServer
TS-0000841,EMP-0097,2026-06-05,PRJ-009,Approved,40.78,OnPrem-SQLServer
TS-0000842,EMP-0097,2026-06-12,PRJ-009,Approved,40.0,OnPrem-SQLServer
TS-0000843,EMP-0097,2026-06-19,PRJ-005,Approved,40.0,OnPrem-SQLServer
TS-0000844,EMP-0097,2026-06-26,PRJ-009,Submitted,40.0,OnPrem-SQLServer
TS-0000845,EMP-0097,2026-07-10,PRJ-009,Approved,40.0,OnPrem-SQLServer
TS-0000846,EMP-0097,2026-07-17,PRJ-009,Approved,41.52,OnPrem-SQLServer
TS-0000847,EMP-0097,2026-07-24,PRJ-009,Approved,41.75,OnPrem-SQLServer
TS-0000848,EMP-0097,2026-07-31,PRJ-009,Rejected,40.0,OnPrem-SQLServer
TS-0000849,EMP-0098,2026-04-24,PRJ-010,Rejected,40.0,OnPrem-SQLServer
TS-0000850,EMP-0098,2026-05-01,PRJ-010,Approved,40.0,OnPrem-SQLServer
TS-0000851,EMP-0098,2026-05-08,PRJ-009,Approved,41.68,OnPrem-SQLServer
TS-0000852,EMP-0098,2026-05-15,PRJ-010,Approved,40.0,OnPrem-SQLServer
TS-0000853,EMP-0098,2026-05-22,PRJ-010,Rejected,42.86,OnPrem-SQLServer
TS-0000854,EMP-0098,2026-05-29,PRJ-010,Approved,40.74,OnPrem-SQLServer
TS-0000855,EMP-0098,2026-06-05,PRJ-010,Submitted,40.0,OnPrem-SQLServer
TS-0000856,EMP-0098,2026-06-12,PRJ-010,Approved,40.77,OnPrem-SQLServer
TS-0000857,EMP-0098,2026-06-19,PRJ-010,Approved,41.94,OnPrem-SQLServer
TS-0000858,EMP-0098,2026-06-26,PRJ-010,Approved,42.54,OnPrem-SQLServer
TS-0000859,EMP-0098,2026-07-03,PRJ-010,Approved,40.0,OnPrem-SQLServer
TS-0000860,EMP-0098,2026-07-10,PRJ-010,Approved,40.0,OnPrem-SQLServer
TS-0000861,EMP-0098,2026-07-17,PRJ-012,Approved,41.25,OnPrem-SQLServer
TS-0000862,EMP-0098,2026-07-24,PRJ-010,Submitted,40.0,OnPrem-SQLServer
TS-0000863,EMP-0100,2026-06-26,PRJ-005,Approved,40.0,OnPrem-SQLServer
TS-0000864,EMP-0100,2026-07-10,PRJ-005,Approved,40.56,OnPrem-SQLServer
TS-0000865,EMP-0100,2026-07-17,PRJ-005,Approved,41.38,OnPrem-SQLServer
TS-0000866,EMP-0100,2026-07-24,PRJ-005,Submitted,41.46,OnPrem-SQLServer
TS-0000867,EMP-0100,2026-07-31,PRJ-005,Approved,40.0,OnPrem-SQLServer
TS-0000868,EMP-0101,2026-06-19,PRJ-009,Rejected,40.95,OnPrem-SQLServer
TS-0000869,EMP-0101,2026-06-26,PRJ-009,Approved,41.12,OnPrem-SQLServer
TS-0000870,EMP-0101,2026-07-10,PRJ-009,Approved,40.88,OnPrem-SQLServer
TS-0000871,EMP-0101,2026-07-17,PRJ-009,Approved,40.0,OnPrem-SQLServer
TS-0000872,EMP-0101,2026-07-24,PRJ-009,Approved,41.59,OnPrem-SQLServer
TS-0000873,EMP-0101,2026-07-31,PRJ-009,Approved,40.0,OnPrem-SQLServer
TS-0000874,EMP-0103,2026-05-01,PRJ-006,Approved,40.0,OnPrem-SQLServer
TS-0000875,EMP-0103,2026-05-08,PRJ-006,Submitted,43.41,OnPrem-SQLServer
TS-0000876,EMP-0103,2026-05-15,PRJ-006,Approved,40.79,OnPrem-SQLServer
TS-0000877,EMP-0103,2026-05-22,PRJ-010,Approved,41.13,OnPrem-SQLServer
TS-0000878,EMP-0103,2026-05-29,PRJ-006,Approved,40.0,OnPrem-SQLServer
TS-0000879,EMP-0103,2026-06-05,PRJ-006,Approved,40.0,OnPrem-SQLServer
TS-0000880,EMP-0103,2026-06-12,PRJ-006,Approved,41.07,OnPrem-SQLServer
TS-0000881,EMP-0103,2026-06-19,PRJ-006,Approved,41.16,OnPrem-SQLServer
TS-0000882,EMP-0103,2026-06-26,PRJ-006,Approved,41.53,OnPrem-SQLServer
TS-0000883,EMP-0103,2026-07-03,PRJ-006,Approved,42.86,OnPrem-SQLServer
TS-0000884,EMP-0103,2026-07-10,PRJ-006,Submitted,40.0,OnPrem-SQLServer
TS-0000885,EMP-0103,2026-07-17,PRJ-006,Approved,40.0,OnPrem-SQLServer
TS-0000886,EMP-0103,2026-07-24,PRJ-006,Approved,40.0,OnPrem-SQLServer
TS-0000887,EMP-0103,2026-07-31,PRJ-006,Approved,40.6,OnPrem-SQLServer
TS-0000888,EMP-0104,2026-05-29,PRJ-012,Approved,41.74,OnPrem-SQLServer
TS-0000889,EMP-0104,2026-06-05,PRJ-005,Approved,40.0,OnPrem-SQLServer
TS-0000890,EMP-0104,2026-06-12,PRJ-005,Approved,41.93,OnPrem-SQLServer
TS-0000891,EMP-0104,2026-06-19,PRJ-005,Approved,42.96,OnPrem-SQLServer
TS-0000892,EMP-0104,2026-06-26,PRJ-006,Approved,40.0,OnPrem-SQLServer
TS-0000893,EMP-0104,2026-07-10,PRJ-005,Approved,40.0,OnPrem-SQLServer
TS-0000894,EMP-0104,2026-07-17,PRJ-005,Approved,42.75,OnPrem-SQLServer
TS-0000895,EMP-0104,2026-07-24,PRJ-005,Rejected,40.68,OnPrem-SQLServer
TS-0000896,EMP-0104,2026-07-31,PRJ-005,Approved,41.9,OnPrem-SQLServer
TS-0000897,EMP-0105,2026-04-17,PRJ-002,Approved,40.0,OnPrem-SQLServer
TS-0000898,EMP-0105,2026-04-24,PRJ-002,Approved,40.0,OnPrem-SQLServer
TS-0000899,EMP-0105,2026-05-01,PRJ-002,Submitted,40.0,OnPrem-SQLServer
TS-0000900,EMP-0105,2026-05-15,PRJ-003,Approved,40.0,OnPrem-SQLServer
TS-0000901,EMP-0105,2026-05-22,PRJ-002,Approved,40.0,OnPrem-SQLServer
TS-0000902,EMP-0105,2026-05-29,PRJ-009,Submitted,40.0,OnPrem-SQLServer
TS-0000903,EMP-0105,2026-06-05,PRJ-002,Approved,41.15,OnPrem-SQLServer
TS-0000904,EMP-0105,2026-06-12,PRJ-001,Approved,53.49,OnPrem-SQLServer
TS-0000905,EMP-0105,2026-06-19,PRJ-002,Approved,43.26,OnPrem-SQLServer
TS-0000906,EMP-0105,2026-06-26,PRJ-002,Approved,40.0,OnPrem-SQLServer
TS-0000907,EMP-0105,2026-07-03,PRJ-002,Approved,40.76,OnPrem-SQLServer
TS-0000908,EMP-0105,2026-07-10,PRJ-002,Approved,41.96,OnPrem-SQLServer
TS-0000909,EMP-0105,2026-07-17,PRJ-002,Approved,41.09,OnPrem-SQLServer
TS-0000910,EMP-0105,2026-07-24,PRJ-002,Approved,41.54,OnPrem-SQLServer
TS-0000911,EMP-0105,2026-07-31,PRJ-002,Approved,40.0,OnPrem-SQLServer
TS-0000912,EMP-0106,2026-05-22,PRJ-005,Approved,41.39,OnPrem-SQLServer
TS-0000913,EMP-0106,2026-05-29,PRJ-002,Approved,40.0,OnPrem-SQLServer
TS-0000914,EMP-0106,2026-06-05,PRJ-004,Approved,40.0,OnPrem-SQLServer
TS-0000915,EMP-0106,2026-06-12,PRJ-004,Submitted,41.42,OnPrem-SQLServer
TS-0000916,EMP-0106,2026-06-19,PRJ-004,Approved,41.34,OnPrem-SQLServer
TS-0000917,EMP-0106,2026-06-26,PRJ-004,Approved,40.68,OnPrem-SQLServer
TS-0000918,EMP-0106,2026-07-03,PRJ-004,Approved,41.9,OnPrem-SQLServer
TS-0000919,EMP-0106,2026-07-10,PRJ-004,Approved,41.51,OnPrem-SQLServer
TS-0000920,EMP-0106,2026-07-24,PRJ-004,Submitted,40.66,OnPrem-SQLServer
TS-0000921,EMP-0106,2026-07-31,PRJ-004,Approved,40.0,OnPrem-SQLServer
TS-0000922,EMP-0107,2026-06-05,PRJ-009,Approved,41.33,OnPrem-SQLServer
TS-0000923,EMP-0107,2026-06-12,PRJ-009,Rejected,41.0,OnPrem-SQLServer
TS-0000924,EMP-0107,2026-06-19,PRJ-009,Rejected,41.56,OnPrem-SQLServer
TS-0000925,EMP-0107,2026-06-26,PRJ-009,Approved,40.82,OnPrem-SQLServer
TS-0000926,EMP-0107,2026-07-10,PRJ-009,Approved,40.0,OnPrem-SQLServer
TS-0000927,EMP-0107,2026-07-17,PRJ-004,Approved,40.0,OnPrem-SQLServer
TS-0000928,EMP-0107,2026-07-24,PRJ-009,Approved,40.0,OnPrem-SQLServer
TS-0000929,EMP-0107,2026-07-31,PRJ-009,Approved,40.0,OnPrem-SQLServer
TS-0000930,EMP-0108,2026-05-08,PRJ-003,Approved,40.73,OnPrem-SQLServer
TS-0000931,EMP-0108,2026-05-22,PRJ-003,Approved,40.0,OnPrem-SQLServer
TS-0000932,EMP-0108,2026-05-29,PRJ-003,Approved,40.58,OnPrem-SQLServer
TS-0000933,EMP-0108,2026-06-05,PRJ-003,Approved,40.0,OnPrem-SQLServer
TS-0000934,EMP-0108,2026-06-12,PRJ-010,Approved,41.85,OnPrem-SQLServer
TS-0000935,EMP-0108,2026-06-19,PRJ-003,Approved,40.52,OnPrem-SQLServer
TS-0000936,EMP-0108,2026-07-03,PRJ-003,Approved,40.0,OnPrem-SQLServer
TS-0000937,EMP-0108,2026-07-10,PRJ-003,Approved,41.09,OnPrem-SQLServer
TS-0000938,EMP-0108,2026-07-17,PRJ-003,Approved,40.84,OnPrem-SQLServer
TS-0000939,EMP-0108,2026-07-24,PRJ-003,Approved,40.0,OnPrem-SQLServer
TS-0000940,EMP-0108,2026-07-31,PRJ-003,Submitted,40.0,OnPrem-SQLServer
TS-0000941,EMP-0109,2026-06-19,PRJ-001,Approved,57.19,OnPrem-SQLServer
TS-0000942,EMP-0109,2026-06-26,PRJ-001,Approved,58.78,OnPrem-SQLServer
TS-0000943,EMP-0109,2026-07-03,PRJ-001,Approved,48.01,OnPrem-SQLServer
TS-0000944,EMP-0109,2026-07-10,PRJ-001,Approved,59.39,OnPrem-SQLServer
TS-0000945,EMP-0109,2026-07-17,PRJ-006,Approved,42.2,OnPrem-SQLServer
TS-0000946,EMP-0109,2026-07-24,PRJ-001,Approved,41.03,OnPrem-SQLServer
TS-0000947,EMP-0109,2026-07-31,PRJ-011,Approved,41.59,OnPrem-SQLServer
TS-0000948,EMP-0111,2026-05-22,PRJ-004,Approved,40.93,OnPrem-SQLServer
TS-0000949,EMP-0111,2026-05-29,PRJ-004,Approved,42.61,OnPrem-SQLServer
TS-0000950,EMP-0111,2026-06-05,PRJ-005,Approved,42.51,OnPrem-SQLServer
TS-0000951,EMP-0111,2026-06-12,PRJ-004,Approved,40.0,OnPrem-SQLServer
TS-0000952,EMP-0111,2026-06-19,PRJ-004,Approved,43.32,OnPrem-SQLServer
TS-0000953,EMP-0111,2026-06-26,PRJ-004,Approved,41.66,OnPrem-SQLServer
TS-0000954,EMP-0111,2026-07-03,PRJ-004,Approved,41.6,OnPrem-SQLServer
TS-0000955,EMP-0111,2026-07-10,PRJ-004,Approved,41.51,OnPrem-SQLServer
TS-0000956,EMP-0111,2026-07-17,PRJ-004,Submitted,41.45,OnPrem-SQLServer
TS-0000957,EMP-0111,2026-07-24,PRJ-004,Approved,40.0,OnPrem-SQLServer
TS-0000958,EMP-0111,2026-07-31,PRJ-004,Approved,40.0,OnPrem-SQLServer
TS-0000959,EMP-0112,2026-04-17,PRJ-012,Approved,42.53,OnPrem-SQLServer
TS-0000960,EMP-0112,2026-04-24,PRJ-012,Rejected,41.72,OnPrem-SQLServer
TS-0000961,EMP-0112,2026-05-01,PRJ-012,Approved,41.71,OnPrem-SQLServer
TS-0000962,EMP-0112,2026-05-08,PRJ-012,Approved,41.03,OnPrem-SQLServer
TS-0000963,EMP-0112,2026-05-15,PRJ-012,Approved,40.0,OnPrem-SQLServer
TS-0000964,EMP-0112,2026-05-22,PRJ-012,Approved,41.61,OnPrem-SQLServer
TS-0000965,EMP-0112,2026-05-29,PRJ-012,Approved,42.67,OnPrem-SQLServer
TS-0000966,EMP-0112,2026-06-05,PRJ-012,Approved,40.0,OnPrem-SQLServer
TS-0000967,EMP-0112,2026-06-12,PRJ-012,Approved,40.0,OnPrem-SQLServer
TS-0000968,EMP-0112,2026-06-19,PRJ-012,Approved,41.53,OnPrem-SQLServer
TS-0000969,EMP-0112,2026-06-26,PRJ-011,Approved,42.62,OnPrem-SQLServer
TS-0000970,EMP-0112,2026-07-03,PRJ-012,Approved,41.62,OnPrem-SQLServer
TS-0000971,EMP-0112,2026-07-10,PRJ-012,Approved,42.29,OnPrem-SQLServer
TS-0000972,EMP-0112,2026-07-17,PRJ-012,Submitted,42.38,OnPrem-SQLServer
TS-0000973,EMP-0112,2026-07-24,PRJ-012,Approved,40.85,OnPrem-SQLServer
TS-0000974,EMP-0112,2026-07-31,PRJ-012,Submitted,41.29,OnPrem-SQLServer
TS-0000975,EMP-0114,2026-05-01,PRJ-002,Approved,40.0,OnPrem-SQLServer
TS-0000976,EMP-0114,2026-05-08,PRJ-002,Approved,40.65,OnPrem-SQLServer
TS-0000977,EMP-0114,2026-05-15,PRJ-002,Approved,41.56,OnPrem-SQLServer
TS-0000978,EMP-0114,2026-05-22,PRJ-002,Approved,40.0,OnPrem-SQLServer
TS-0000979,EMP-0114,2026-05-29,PRJ-002,Approved,40.0,OnPrem-SQLServer
TS-0000980,EMP-0114,2026-06-05,PRJ-009,Submitted,40.0,OnPrem-SQLServer
TS-0000981,EMP-0114,2026-06-12,PRJ-002,Approved,41.12,OnPrem-SQLServer
TS-0000982,EMP-0114,2026-06-26,PRJ-008,Approved,40.53,OnPrem-SQLServer
TS-0000983,EMP-0114,2026-07-03,PRJ-002,Submitted,40.0,OnPrem-SQLServer
TS-0000984,EMP-0114,2026-07-10,PRJ-009,Approved,40.0,OnPrem-SQLServer
TS-0000985,EMP-0114,2026-07-17,PRJ-002,Submitted,43.83,OnPrem-SQLServer
TS-0000986,EMP-0114,2026-07-24,PRJ-011,Approved,40.0,OnPrem-SQLServer
TS-0000987,EMP-0114,2026-07-31,PRJ-002,Approved,42.67,OnPrem-SQLServer
TS-0000988,EMP-0116,2026-05-15,PRJ-002,Approved,40.0,OnPrem-SQLServer
TS-0000989,EMP-0116,2026-05-22,PRJ-002,Approved,40.0,OnPrem-SQLServer
TS-0000990,EMP-0116,2026-05-29,PRJ-002,Approved,42.56,OnPrem-SQLServer
TS-0000991,EMP-0116,2026-06-05,PRJ-002,Approved,40.0,OnPrem-SQLServer
TS-0000992,EMP-0116,2026-06-12,PRJ-002,Approved,41.06,OnPrem-SQLServer
TS-0000993,EMP-0116,2026-06-19,PRJ-012,Submitted,40.82,OnPrem-SQLServer
TS-0000994,EMP-0116,2026-06-26,PRJ-002,Approved,42.64,OnPrem-SQLServer
TS-0000995,EMP-0116,2026-07-03,PRJ-002,Approved,41.67,OnPrem-SQLServer
TS-0000996,EMP-0116,2026-07-10,PRJ-002,Rejected,40.0,OnPrem-SQLServer
TS-0000997,EMP-0116,2026-07-17,PRJ-007,Approved,41.69,OnPrem-SQLServer
TS-0000998,EMP-0116,2026-07-31,PRJ-011,Submitted,40.0,OnPrem-SQLServer
TS-0000999,EMP-0117,2026-06-12,PRJ-003,Approved,41.02,OnPrem-SQLServer
TS-0001000,EMP-0117,2026-06-19,PRJ-005,Approved,40.0,OnPrem-SQLServer
TS-0001001,EMP-0117,2026-06-26,PRJ-005,Approved,41.19,OnPrem-SQLServer
TS-0001002,EMP-0117,2026-07-03,PRJ-005,Submitted,43.78,OnPrem-SQLServer
TS-0001003,EMP-0117,2026-07-10,PRJ-005,Approved,41.03,OnPrem-SQLServer
TS-0001004,EMP-0117,2026-07-17,PRJ-005,Submitted,40.0,OnPrem-SQLServer
TS-0001005,EMP-0117,2026-07-24,PRJ-005,Approved,41.18,OnPrem-SQLServer
TS-0001006,EMP-0117,2026-07-31,PRJ-005,Submitted,40.0,OnPrem-SQLServer
TS-0001007,EMP-0118,2026-05-01,PRJ-005,Approved,40.0,OnPrem-SQLServer
TS-0001008,EMP-0118,2026-05-08,PRJ-005,Approved,40.78,OnPrem-SQLServer
TS-0001009,EMP-0118,2026-05-15,PRJ-005,Approved,40.0,OnPrem-SQLServer
TS-0001010,EMP-0118,2026-05-22,PRJ-005,Approved,43.24,OnPrem-SQLServer
TS-0001011,EMP-0118,2026-05-29,PRJ-005,Approved,40.0,OnPrem-SQLServer
TS-0001012,EMP-0118,2026-06-05,PRJ-005,Approved,40.0,OnPrem-SQLServer
TS-0001013,EMP-0118,2026-06-12,PRJ-005,Approved,40.0,OnPrem-SQLServer
TS-0001014,EMP-0118,2026-06-19,PRJ-005,Approved,40.77,OnPrem-SQLServer
TS-0001015,EMP-0118,2026-07-03,PRJ-003,Approved,41.36,OnPrem-SQLServer
TS-0001016,EMP-0118,2026-07-10,PRJ-005,Submitted,42.71,OnPrem-SQLServer
TS-0001017,EMP-0118,2026-07-17,PRJ-005,Submitted,42.02,OnPrem-SQLServer
TS-0001018,EMP-0118,2026-07-24,PRJ-005,Approved,40.0,OnPrem-SQLServer
TS-0001019,EMP-0118,2026-07-31,PRJ-005,Approved,40.63,OnPrem-SQLServer
TS-0001020,EMP-0119,2026-04-24,PRJ-012,Approved,40.0,OnPrem-SQLServer
TS-0001021,EMP-0119,2026-05-01,PRJ-012,Approved,43.05,OnPrem-SQLServer
TS-0001022,EMP-0119,2026-05-08,PRJ-005,Approved,40.0,OnPrem-SQLServer
TS-0001023,EMP-0119,2026-05-15,PRJ-012,Rejected,41.14,OnPrem-SQLServer
TS-0001024,EMP-0119,2026-05-22,PRJ-012,Approved,41.31,OnPrem-SQLServer
TS-0001025,EMP-0119,2026-05-29,PRJ-012,Approved,40.0,OnPrem-SQLServer
TS-0001026,EMP-0119,2026-06-05,PRJ-012,Submitted,40.0,OnPrem-SQLServer
TS-0001027,EMP-0119,2026-06-12,PRJ-012,Approved,41.54,OnPrem-SQLServer
TS-0001028,EMP-0119,2026-06-19,PRJ-012,Submitted,40.0,OnPrem-SQLServer
TS-0001029,EMP-0119,2026-06-26,PRJ-012,Approved,43.64,OnPrem-SQLServer
TS-0001030,EMP-0119,2026-07-03,PRJ-012,Approved,42.15,OnPrem-SQLServer
TS-0001031,EMP-0119,2026-07-10,PRJ-012,Approved,40.0,OnPrem-SQLServer
TS-0001032,EMP-0119,2026-07-17,PRJ-011,Approved,43.09,OnPrem-SQLServer
TS-0001033,EMP-0119,2026-07-24,PRJ-012,Submitted,41.63,OnPrem-SQLServer
TS-0001034,EMP-0119,2026-07-31,PRJ-012,Submitted,40.0,OnPrem-SQLServer
TS-0001035,EMP-0120,2026-04-24,PRJ-002,Approved,41.48,OnPrem-SQLServer
TS-0001036,EMP-0120,2026-05-01,PRJ-003,Approved,40.73,OnPrem-SQLServer
TS-0001037,EMP-0120,2026-05-08,PRJ-003,Approved,40.0,OnPrem-SQLServer
TS-0001038,EMP-0120,2026-05-15,PRJ-003,Approved,40.62,OnPrem-SQLServer
TS-0001039,EMP-0120,2026-05-22,PRJ-003,Approved,40.0,OnPrem-SQLServer
TS-0001040,EMP-0120,2026-05-29,PRJ-003,Submitted,41.77,OnPrem-SQLServer
TS-0001041,EMP-0120,2026-06-05,PRJ-003,Submitted,40.0,OnPrem-SQLServer
TS-0001042,EMP-0120,2026-06-12,PRJ-004,Submitted,41.39,OnPrem-SQLServer
TS-0001043,EMP-0120,2026-06-19,PRJ-003,Approved,40.0,OnPrem-SQLServer
TS-0001044,EMP-0120,2026-06-26,PRJ-003,Submitted,41.61,OnPrem-SQLServer
TS-0001045,EMP-0120,2026-07-03,PRJ-003,Submitted,41.94,OnPrem-SQLServer
TS-0001046,EMP-0120,2026-07-10,PRJ-003,Approved,40.0,OnPrem-SQLServer
TS-0001047,EMP-0120,2026-07-17,PRJ-003,Submitted,41.63,OnPrem-SQLServer
TS-0001048,EMP-0120,2026-07-24,PRJ-003,Approved,40.0,OnPrem-SQLServer
TS-0001049,EMP-0120,2026-07-31,PRJ-003,Approved,40.61,OnPrem-SQLServer
